https://hips.hearstapps.com/hmg-prod.s3.amazonaws.com/images/pot-plants-display-on-the-window-royalty-free-image-839958870-1546891041.jpg?crop=1.00xw:0.766xh;0,0.234xh&resize=480:*
https://images.homedepot-static.com/productImages/22b7f2be-265e-4572-8246-bea85069604a/svn/costa-farms-house-plants-6zz-64_1000.jpg
https://images-na.ssl-images-amazon.com/images/I/61mJ3oVegKL._SY550_.jpg
https://images.homedepot-static.com/productImages/03fa41a1-769b-4679-9500-e38c4e4034ca/svn/costa-farms-house-plants-10cat-64_400_compressed.jpg
https://www.ikea.com/PIAimages/0614197_PE686822_S5.JPG?f=s
https://cdn.shopify.com/s/files/1/0364/4753/products/SR-Flat-Plants_01.jpg?v=1551574035
https://cdn.atwilltech.com/flowerdatabase/l/lush-garden-of-green-plants-PL0109.425.jpg
https://nurserylive.com/images/stories/virtuemart/product/nurserylive-top-6-plants-for-healthy-lifestyle9.jpg
https://cdn.gearpatrol.com/wp-content/uploads/2019/01/10-Best-Indoor-Plants-Gear-Patrol-lead-full.jpg
https://images-na.ssl-images-amazon.com/images/I/8147Eq37DCL._SX425_.jpg
https://4.imimg.com/data4/WL/IT/MY-34139455/indoor-ornamental-plant-500x500.jpg
https://images.unsplash.com/photo-1491147334573-44cbb4602074?ixlib=rb-1.2.1&ixid=eyJhcHBfaWQiOjEyMDd9&w=1000&q=80
https://hips.hearstapps.com/vader-prod.s3.amazonaws.com/1557258847-chinese-evergreen-houseplant-1557258690.jpg?crop=0.883xw:0.887xh;0.0849xw,0.0821xh&resize=480:*
https://images.homedepot-static.com/productImages/a3406ed8-0d2a-427d-b7ea-80cdc5502454/svn/costa-farms-house-plants-90408-64_1000.jpg
https://hips.hearstapps.com/vader-prod.s3.amazonaws.com/1557178809-decorative-cast-iron-plant-planted-in-ceramic-pot-royalty-free-image-1144381285-1557178724.jpg
https://s7img.ftdi.com/is/image/ProvideCommerce/PP_19_PLA494_PC2483_SHP_V1?$proflowers-tile-wide-mv-new$
https://hips.hearstapps.com/hmg-prod.s3.amazonaws.com/images/houseplants-asplenium-nidus-peperomia-and-fittonia-royalty-free-image-946085220-1557179507.jpg?crop=1.00xw:0.334xh;0,0.630xh&resize=1200:*
https://hips.hearstapps.com/vader-prod.s3.amazonaws.com/1557178954-houseplant-young-schefflera-a-potted-plant-isolated-royalty-free-image-470248536-1557178881.jpg
https://q7i2y6d5.stackpathcdn.com/wp-content/uploads/2011/07/plant-400x267.jpg
https://static.scientificamerican.com/sciam/cache/file/D1E779C2-5585-48B9-B5B8CA83481D212C_source.jpg?w=590&h=800&7D7C3BD8-AAD4-4306-AC19D3D75FA6F8ED
https://media.mnn.com/assets/images/2017/12/smartplant.jpg.653x0_q80_crop-smart.jpg
https://suttons.s3.amazonaws.com/p/250105_2.jpg
https://cdn.shopify.com/s/files/1/0150/6262/products/the-sill_houseplant_zz-plant_1_6-014_1500x.progressive.jpg?v=1537546789
https://www.ikea.com/us/en/images/products/aloe-vera-potted-plant__0653978_PE708207_S4.JPG
https://images-na.ssl-images-amazon.com/images/I/51Kb%2BcjRBeL._SL500_AC_SS350_.jpg
https://nurserylive.com/images/stories/virtuemart/product/resized/nurserylive-top-5-plants-for-healthy-homes7_600x600.jpg
https://res.cloudinary.com/picasso/image/upload/c_lpad,f_jpg,fl_progressive,h_300,q_auto,w_300/fgwli7ordqal0kxih0vg.jpg
https://www.abc.net.au/cm/rimage/10930736-16x9-xlarge.jpg?v=2
https://images.homedepot-static.com/productImages/59f74bc5-cb5b-4bcb-8cc1-951b3348732b/svn/house-plants-20132-64_1000.jpg
https://images2.minutemediacdn.com/image/upload/c_fill,g_auto,h_1248,w_2220/f_auto,q_auto,w_1100/v1555275829/shape/mentalfloss/istock-509469214.jpg
https://hips.hearstapps.com/vader-prod.s3.amazonaws.com/1554479392-1428948147-54ff5f8818e5a-ghk-plants-you-cannot-kill-crown-of-thorns-s2-1554479385.jpg
https://hips.hearstapps.com/hmg-prod.s3.amazonaws.com/images/herb-garden-seedling-plants-in-retail-containers-royalty-free-image-666467884-1552400385.jpg
https://mashtalegypt.com/wp-content/uploads/2017/11/pl2000027236.jpg
http://www.jacinteriors.com/wp-content/uploads/2018/03/house-plants-decor-grouping-0213.jpg
https://ii1.pepperfry.com/media/catalog/product/g/r/494x544/green-synthetic-areca-artificial-plant-with-21-leaves-by-fourwalls-green-synthetic-areca-artificial--mwbxev.jpg
https://www.habitataid.co.uk/media/catalog/product/cache/1/image/9df78eab33525d08d6e5fb8d27136e95/g/r/green_roof_plug_plants.jpg
https://media.4rgos.it/i/Argos/8878533_R_Z001A?w=750&h=440&qlt=70
https://www.avenuecalgary.com/wp-content/uploads/2018/05/AC_Veronica.gif
https://greenmylife-wpengine.netdna-ssl.com/wp-content/uploads/2016/06/Sunflower-500x500.jpg
https://images-na.ssl-images-amazon.com/images/I/71XHBTcJekL.jpg
https://www.careerlinecourses.com.au/wp-content/uploads/2018/01/tropical-plants-510x365.png
https://img.teleflora.com/images/o_0/l_flowers:TPL01-1A,pg_6/w_272,h_340,cs_no_cmyk,c_pad/f_auto,q_auto:eco,e_sharpen:200/flowers/TPL01-1A/DesertBeautySucculentGarden
http://www.kmart.com.au/wcsstore/Kmart/images/ncatalog/f/4/42643944-1-f.jpg
https://static.showit.co/800/t-3uI1eBSHeQ5hToKQHuYg/70611/tropical_pattern.jpg
https://images-na.ssl-images-amazon.com/images/I/41nbO305N7L._SX425_.jpg
https://d39w7f4ix9f5s9.cloudfront.net/dims4/default/69ee4ad/2147483647/strip/true/crop/4000x1668+0+0/resize/2000x834!/quality/90/?url=https%3A%2F%2Fd39w7f4ix9f5s9.cloudfront.net%2F50%2Fdf%2Fce294c784c16b4b3bf69a6989974%2Fexplore-theplants-new.jpg
https://science.sciencemag.org/content/sci/363/6422/15/F1.large.jpg
https://cdn3.volusion.com/wkav7.pckj3/v/vspfiles/photos/HER-LEM02-2.jpg?1525079371
https://images-na.ssl-images-amazon.com/images/I/91jTyLFFEKL._SY679_.jpg
https://d3atagt0rnqk7k.cloudfront.net/wp-content/uploads/2018/11/27110526/benefits-of-re-veg-1-1024x640.jpg
https://www.ikea.com/PIAimages/0748919_PE745319_S5.JPG
https://westcoastgardens.ca/wp-content/uploads/2017/05/Semps-1200x1200.jpg
https://www.ikea.com/PIAimages/0614187_PE686812_S5.JPG?f=s
https://cdn.atwilltech.com/flowerdatabase/s/succulent-garden-plants-59ea3eda64c54.425.jpg
https://hgtvhome.sndimg.com/content/dam/images/grdn/fullset/2014/2/13/0/anthurium.jpg.rend.hgtvcom.966.966.suffix/1452657075193.jpeg
https://images-na.ssl-images-amazon.com/images/I/91LPB6RsfEL.jpg
https://3c1703fe8d.site.internapcdn.net/newman/csz/news/800/2018/plant.jpg
https://asset.bloomnation.com/c_pad,d_vendor:global:catalog:product:image.png,f_auto,fl_preserve_transparency,q_auto/v1542513368/vendor/1071/catalog/product/2/0/20181115065350_file_5bedc0be6ec1f.jpg
https://images-na.ssl-images-amazon.com/images/I/715Shu%2BwHHL._SY550_.jpg
https://cdn.shopify.com/s/files/1/0248/6983/products/plants-014_81b2220a-65f2-4fb8-8964-61466a90c289_618x464_crop_center.jpg?v=1506739145
https://nurserylive.com/images/stories/virtuemart/product/nurserylive-top-5-plants-to-bring-goodluck.jpg
https://assets.bakker.com/ProductPics/810x978/72735-00-BAKIE_20190510104153.jpg
https://www.adairs.com.au/globalassets/imported-assets/homewares/home-republic/home-republic/43675_greenfoliage/43675_greenfoliage_zoom_01.jpg
https://images.homedepot-static.com/productImages/1466ae78-18a5-4ca6-9e10-cc2769977e02/svn/altman-plants-succulents-cactus-plants-0881034-64_1000.jpg
https://cdn.gearpatrol.com/wp-content/uploads/2019/01/10-Best-Indoor-Plants-Gear-Patrol-philo.jpg
https://ii1.pepperfry.com/media/catalog/product/r/o/494x544/rolling-nature-air-purifying-spider-plant-in-white-ceramic-pot-rolling-nature-air-purifying-spider-p-cfte3o.jpg
https://www.snopes.com/tachyon/2017/06/Dieffenbachia_amoena_poison_fb.jpg?resize=865,452
https://images.homedepot-static.com/productImages/3278894a-ee06-4bd0-ad92-0e45377d1336/svn/house-plants-22204-64_1000.jpg
https://images-na.ssl-images-amazon.com/images/I/61h%2B-L1cfKL._SX425_.jpg
https://www.ikea.com/PIAimages/0748883_PE745272_S5.JPG
https://cdn2.bigcommerce.com/server3700/89877/products/30/images/117/aglaonema_small1__56682.1317838800.335.385.jpg?c=2
https://gypsytan.com/wp-content/uploads/2018/01/Best-Realistic-Faux-Plants-for-Home-Gypsy-Tan.jpg
https://www.burpee.com/dw/image/v2/ABAQ_PRD/on/demandware.static/-/Sites-masterCatalog_Burpee/default/dw65fdf5f8/Images/Product%20Images/prod000165/prod000165.jpg?sw=320&sh=378&sm=fit
https://i2.fnp.com/assets/images/custom/new-plants/occasions/6-Good-Luck-Plants.jpg
https://www.adairs.com.au/globalassets/imported-assets/homewares/home-republic/home-republic/43725_fern/43725_fern_zoom_01.jpg
https://cdn.the-scientist.com/assets/articleNo/66101/aImg/32588/plant-consciousness-thumb-s.png
http://cdn.shopify.com/s/files/1/1850/2479/products/naked_plants_1_67cec413-b4c9-4af1-bf8f-06dfe7cdb873_grande.jpg?v=1542639053
https://n4.sdlcdn.com/imgs/h/2/3/The-Bonsai-Plants-CRASULLA-OVATA-SDL494196411-1-d5d71.jpeg
https://i5.walmartimages.com/asr/54830a95-a619-4eff-bf97-1e9c2b9c48fb_1.0c1ae21ae6c8c8f7802065176b4ba685.jpeg?odnHeight=72&odnWidth=90&odnBg=FFFFFF
https://i5.walmartimages.com/asr/97e60845-bad7-48af-bf6b-85e7eb78768f_2.e126e1c13870dffd047faebec88a27b6.jpeg?odnHeight=450&odnWidth=450&odnBg=FFFFFF
https://www.gulleygreenhouse.com/wp-content/uploads/2015/03/succulent-assortment.jpg
https://cdn.shopify.com/s/files/1/1091/4908/products/Sweetpeas_Toronto_Florist_Hanging-Plants-Asst-NH-RD_7d4cfc46-3cea-4716-9cea-bef2463b9f66.png?v=1498843594
https://cdn.shopify.com/s/files/1/0049/0822/products/grab_bag_fert_580x@2x.jpg?v=1518179989
https://cdn.shopify.com/s/files/1/0248/6983/products/plants-010_295fa87c-9c4c-41ac-b14b-a414bc2f96db_618x464_crop_center.jpg?v=1506744468
http://newlegendsmag.com/wp-content/uploads/2019/04/plants.jpg
https://images-na.ssl-images-amazon.com/images/I/81kxPOn59hL._SY450_.jpg
https://d24c6le0nbcy3y.cloudfront.net/wp-content/uploads/2014/07/27063216/amazon-sword-plant.jpg
https://lookaside.fbsbx.com/lookaside/crawler/media/?media_id=1704726796513952
https://www.adairs.com.au/globalassets/imported-assets/homewares/plants-pots--vases/home-republic/37612hp_zoom_01.jpg
https://www.worldatlas.com/r/w728-h425-c728x425/upload/a8/fc/11/shutterstock-115592623.jpg
https://cdn.atwilltech.com/flowerdatabase/c/charming-garden-basket-flowers-plant-PL110118.365.jpg
https://msutoday.msu.edu/_/img/assets/2017/2017-5-15-plants.jpg
https://upload.wikimedia.org/wikipedia/commons/b/b1/Hierbabuena_0611_Revised.jpg
https://www.thompson-morgan.com/images/landing/plants-and-shrubs-house-plants.jpg
https://cdn.shopify.com/s/files/1/1941/1701/files/pl2000027700_300x300.jpg?v=1528047766
https://img.crocdn.co.uk/images/products2/pl/20/00/00/85/pl2000008559.jpg?width=940&height=940
https://hips.hearstapps.com/hmg-prod.s3.amazonaws.com/images/an-alocasia-plant-in-a-green-pot-on-wooden-table-royalty-free-image-1132823763-1551727929.jpg
https://res.cloudinary.com/patch-gardens/image/upload/c_fill,f_auto,h_840,q_auto:good,w_840/v1536743803/products/golden-pothos-d97a89.jpg
https://www.strathcona.ca/files/images/tas-medium-plants-treebranches-660x396.jpg
https://www.kmart.com.au/wcsstore/Kmart/images/ncatalog/tf/7/42592457-1-tf.jpg
https://blog.oup.com/wp-content/uploads/2019/05/making-eden-cover-image.jpg
https://www.lifeinteriors.com.au/media/catalog/product/cache/1/thumbnail/1200x/17f82f742ffe127f42dca9de82fb58b1/f/p/fp-dbl-bost.jpg
https://cdn3.volusion.com/wkav7.pckj3/v/vspfiles/photos/HER-COM01-2.jpg?1524235566
http://cdn.shopify.com/s/files/1/0738/1987/products/image_a6895f28-79b4-451f-9518-b09d79be65b5_grande.jpg?v=1536638597
https://www.thompson-morgan.com/product_images/100/optimised/ALST-P94168-A_i.jpg
https://cottagelife.com/wp-content/uploads/2018/06/shutterstock_609086588-1200x784.jpg
https://cdn-image.realsimple.com/sites/default/files/tout-amazon-plants-storefront.jpg
https://images-na.ssl-images-amazon.com/images/I/81kxPOn59hL._SY450_.jpg
https://2.imimg.com/data2/JX/VI/MY-1229438/crotons-ornamental-plants-foliage-plants-500x500.jpg
https://images2.minutemediacdn.com/image/upload/c_crop,h_1200,w_2136,x_0,y_107/f_auto,q_auto,w_1100/v1554926089/shape/mentalfloss/544042-icewatergamesyoutube.jpg
https://assets.bakker.com/ProductPics/810x978/72735-00-BAKIE_20190510104153.jpg
https://www.hometown.in/media/product/12/6853/11980/1-product_500.jpg
https://cdn10.bigcommerce.com/s-2drwt2az/products/13492/images/58361/maranta_leuconeura3__60433.1501947158.1280.1280.jpg?c=2
https://cdn.technologyreview.com/i/images/170124-photorespiratory-bypass32355198342o38918410921o.jpg?sw=959&cx=0&cy=0&cw=2000&ch=2999
https://thumbs-prod.si-cdn.com/HFTZwhvLdLq9if8o32XFkpk4WSQ=/800x600/filters:no_upscale()/https://public-media.si-cdn.com/filer/ad/5a/ad5aea4e-1c44-4cce-87e4-860740b67860/aloe_polyphylla_1.jpg
https://www.wikihow.com/images/c/c6/Choose-Low%E2%80%90Maintenance-Houseplants-Step-19.jpg
https://www.greenmylife.in/wp-content/uploads/2014/11/plant.bmp
https://www.plantopedia.com/wp-content/uploads/2017/10/zimmerpflanzen-6846.jpg
https://images.tandf.co.uk/common/jackets/amazon/978081534/9780815346425.jpg
https://img.sunset02.com/sites/default/files/styles/4_3_horizontal_inbody_900x506/public/image/2016/08/main/water-wise-design-guide-plant-picks-low-water-bloomers-blanket-flower-gaillardia-1013.jpg
https://s7img.ftdi.com/is/image/ProvideCommerce/C28-4893_LOL?$ftd-tile-wide-mv-new$
https://upload.wikimedia.org/wikipedia/commons/6/6e/Diversity_of_plants_image_version_5.png
https://media.architecturaldigest.com/photos/562ab328413dc33926736164/master/w_1600%2Cc_limit/how-to-buy-a-house-plant-02.jpg
https://cdn.eventfinda.co.nz/uploads/events/transformed/1136533-511217-34.jpg?v=3
https://clarenbridgegardencentre.ie/wp-content/uploads/2017/09/money-tree-lg.jpg
https://s3-us-west-2.amazonaws.com/uw-s3-cdn/wp-content/uploads/sites/6/2018/09/23165122/Arabidopsis_outside_10.jpg
https://3.imimg.com/data3/WK/WI/MY-6287941/musanda-plant-500x500.jpg
https://s7img.ftdi.com/is/image/ProvideCommerce/PP_18_PLA01707_PC2421_SHP_V1?$proflowers-tile-wide-mv-new$
https://cdn.shopify.com/s/files/1/0049/0822/products/stricta-rio-negro_BLOOM_580x@2x.jpg?v=1518179986
https://edge.bonnieplants.com/www/uploads/20180920004159/flat-italian-parsley.jpg
https://www.wellandgood.com/wp-content/uploads/2017/12/Plant-Shower-Instagram-alison__wu.jpg
https://i.ytimg.com/vi/53lJwr8KaXU/maxresdefault.jpg
https://www.gardenandhome.co.za/wp-content/uploads/2019/01/Spekboom2.jpg
https://shared1.ad-lister.co.uk/UserImages/7eb3717d-facc-4913-a2f0-28552d58320f/Img/artificialca/Artificial-Succulent-Plant-in-a-White-Pot.jpg
https://diy.sndimg.com/content/dam/images/diy/fullset/2018/10/9/0/CI_Proven_Winners-Sunjoy-Tangelo-Barberry.jpg.rend.hgtvcom.966.725.suffix/1539104875695.jpeg
https://www.joyusgarden.com/wp-content/uploads/2017/05/Everything-about-Sansevieria-aka-Snake-Plant-Care-The-Diehard-Houseplant_new.jpg
https://www.almanac.com/sites/default/files/styles/primary_image_in_article/public/image_nodes/jade-planting-growing.jpg?itok=XAWRrD6K
https://images-na.ssl-images-amazon.com/images/I/912QmrTkQYL._SX466_.jpg
https://www.ft.com/__origami/service/image/v2/images/raw/http%3A%2F%2Fcom.ft.imagepublish.upp-prod-us.s3.amazonaws.com%2F47337708-566f-11e9-a3db-1fe89bedc16e?fit=scale-down&source=next&width=700
https://ii1.pepperfry.com/media/catalog/product/p/h/494x544/philodendron-broken-heart-natural-foliage-plant-by-ugaoo-philodendron-broken-heart-natural-foliage-p-26wop5.jpg
https://www.adairs.com.au/globalassets/imported-assets/homewares/plants-pots--vases/home-republic/37612rf_green/37612rf_green_zoom_01.jpg
https://thumbnails.cbc.ca/maven_legacy/thumbnails/839/58/quirks-plant-video-thumbnail.jpg
https://static.independent.co.uk/s3fs-public/thumbnails/image/2019/06/11/15/Outdoors12e.jpg
https://www.figandbloom.com.au/wp-content/uploads/2019/04/Indoor-Plants-Peace-Lily-3.jpg
https://www.getgreenbewell.com/wp-content/uploads/2019/01/Golden-Pothos-in-Blue-Pot-Indoor-Plants-that-Clean-the-Air-small.jpg
https://cdn.atwilltech.com/flowerdatabase/p/PL01601lg.425.jpg
https://kawarthanow.com/wp-content/uploads/2019/06/greenup-jun27-2019-01.jpg
https://images.homedepot-static.com/productImages/eb2bdbb5-fea4-447f-9c59-8c4c69fecfc7/svn/house-plants-23782-64_400_compressed.jpg
https://www.thespruce.com/thmb/c2QqdtLdAewisvwn5c32zE8PvT8=/450x0/filters:no_upscale():max_bytes(150000):strip_icc()/GettyImages-128135261-58bdeb7c5f9b58af5c5172c7.jpg
https://cdn.vox-cdn.com/thumbor/EChI56lylLEg9-9ROH0VFK8q8j4=/0x0:1872x1248/1200x800/filters:focal(779x575:1077x873)/cdn.vox-cdn.com/uploads/chorus_image/image/60064425/House_Calls_Wayne_Jamieson_Heidis_Bridge_plants_Heisis_Bridge.0.jpg
https://res.cloudinary.com/dk-find-out/image/upload/q_80,w_960,f_auto/DCTM_Penguin_UK_DK_AL458052_zs2mia.png
https://yt3.ggpht.com/a/AGF-l7_O29LYzy2yZJ_Dc733DSyTKtiteOzWSTHVnQ=s900-c-k-c0xffffffff-no-rj-mo
https://files.greenhousegrower.com/greenhousegrow/wp-content/uploads/2019/06/Punica-Peppy-Le-Pom-DSC03000-501x282.jpg
https://www.chhajedgarden.com/media/catalog/product/cache/1/image/9df78eab33525d08d6e5fb8d27136e95/i/m/img_4110.jpg
https://hips.hearstapps.com/hmg-prod.s3.amazonaws.com/images/houseplants-asplenium-nidus-peperomia-and-fittonia-royalty-free-image-946085220-1557179507.jpg
http://home.bt.com/images/save-money-on-summer-bedding-by-buying-plug-plants-but-how-do-you-grow-them-on-136426474795102601-180416091021.jpg
https://cdn.shopify.com/s/files/1/0150/6262/products/the-sill_philodendron-plant-green_grant_pale-grey_5_1500x.progressive.jpg?v=1562621208
https://www.butchartgardens.com/wp-content/uploads/2019/03/Narcissus-Tete-a-Tete-DSC_1790-1000x668.jpg
http://m.espacepourlavie.ca/sites/espacepourlavie.ca/files/styles/gal-photo-large/public/nephrolepis-exaltata-0131-nep-00002_0.jpg?itok=2crH2EGR
https://images.theconversation.com/files/284584/original/file-20190717-147270-19g06yc.jpg?ixlib=rb-1.1.0&rect=328%2C194%2C4277%2C3113&q=45&auto=format&w=496&fit=clip
https://www.aspectsofkingspark.com.au/4372-thickbox_default/indoor-green-living-with-plants.jpg
https://i.cbc.ca/1.4263196.1503695239!/cpImage/httpImage/image.jpg_gen/derivatives/16x9_780/marijuana-tmx-meetings-20170612.jpg
https://images-na.ssl-images-amazon.com/images/I/61wmkDfcbfL._SX355_.jpg
https://s3.amazonaws.com/finegardening.s3.tauntoncloud.com/app/uploads/2014/04/11151604/fg108EVIMG_4803SA_web.jpg
https://img.floweraura.com/sites/all/themes/facd7/images/listing-bg/Plants-A.jpg
https://blog.fnp.com/wp-content/uploads/2018/07/divine-money-plant-terrarium_1.jpg
https://nurserylive.com/images/stories/virtuemart/category/nurserylive-catogory-indoor-plant.jpg
https://upload.wikimedia.org/wikipedia/commons/thumb/9/91/Snake_plant.jpg/1200px-Snake_plant.jpg
https://images-prod.healthline.com/hlcmsresource/images/topic_centers/1047-The_Best_Air-Purifying_Plants_For_Your_Home-1296x728-Bamboo_Palm.jpg
https://amp.insider.com/images/5a0b3f31915332a4008b47ca-750-562.jpg
https://n2.sdlcdn.com/imgs/g/a/m/Green-plant-indoor-2-Layer-SDL069046518-2-abfd7.jpg
https://d5qsyj6vaeh11.cloudfront.net/images/about%20ireland/plants/carousel/plant_carousel.jpg
https://i1.wp.com/tierraplants.com/wp-content/uploads/2017/05/tierra-plants-indoor-6.jpg?fit=1163%2C1756&ssl=1
https://s.yimg.com/ny/api/res/1.2/oY7oI.2S6f.tB8WA76l7Cw--~A/YXBwaWQ9aGlnaGxhbmRlcjtzbT0xO3c9ODAw/http://media.zenfs.com/en/homerun/feed_manager_auto_publish_494/004fbdbddf63f2bb4658fc8277d16685
https://www.mocka.com.au/media/catalog/category/FAKE-PLANTS.jpg?13-02-2019-19-34-58
https://images-i.jpimedia.uk/imagefetch/c_fill,f_auto,h_890,q_auto:eco,w_1700/https://inews.co.uk/wp-content/uploads/2018/04/flowers2.png
https://ontariospca.ca/wp-content/uploads/2018/02/Toxic-plants-cannabis-small-600x398.png
http://www.thetimes.co.uk/imageserver/image/methode%2Fsundaytimes%2Fprod%2Fweb%2Fbin%2Fc18b3f78-60f5-11e9-b1c5-fa63ef855049.jpg?crop=2250%2C1266%2C0%2C117&resize=685
https://hips.hearstapps.com/hmg-prod.s3.amazonaws.com/images/gettyimages-545650423-1534788300.jpg
https://www.evergreendirect.co.uk/media/catalog/product/cache/1/image/9df78eab33525d08d6e5fb8d27136e95/a/r/artificial-cyclamen-plant.jpg
https://www.adairs.com.au/globalassets/imported-assets/homewares/plants-pots--vases/home-republic/44674_green_zoom_01.jpg
https://assets.landscapeontario.com/assets/1234993076.Spiderwort.jpg
https://www.edmonton.ca/residential_neighbourhoods/PDF/NativePlantsPrivateProperty_rdax_686x386.jpg
https://static.marilyn.ca/get-bm-attachment/636830706919361324/9d89fa6c-61e3-4cd9-82b4-7c34883743a5
https://cdn.theatlantic.com/assets/media/img/mt/2019/03/HousePlants/lead_720_405.jpg?mod=1552095297
https://cdn.shopify.com/s/files/1/0150/6262/products/the-sill_philodendron-plant-green_1_4_1500x.progressive.jpg?v=1542300559
https://cdn.bmstores.co.uk/images/hpcProductImage/imgFull/297350-Leafy-Plant-Pot.jpg
https://static.agcanada.com/wp-content/uploads/sites/5/2017/12/young-plant_ThinkstockPhoto.jpg
https://cdn.shopify.com/s/files/1/0049/0822/products/Tillandsia_Ionantha_Air_plant_Variety_Pack_9b923a00-bf26-4c89-a66f-73e4cd5315bf_580x@2x.jpg?v=1551292905
https://cdn3.volusion.com/wkav7.pckj3/v/vspfiles/photos/HER-ALV01-2.jpg?1524233276
https://www.holmanindustries.com.au/wp-content/uploads/2018/02/top-8-shade-loving-plants-for-your-garden-1-1024x397.jpg
https://i.cbc.ca/1.4839023.1537972363!/fileImage/httpImage/image.png_gen/derivatives/16x9_780/plants-ft.png
https://rossevansgardencentre.com.au/wp-content/uploads/2016/05/square-category-succulants-450x450.jpg
https://www.thespruce.com/thmb/Pcs-VBSp7ePIwx6M2TxwNYO6kvQ=/450x0/filters:no_upscale():max_bytes(150000):strip_icc()/Coleus-9395718927_8f1245e1f0_k-594350ce3df78c537bcb6c18.jpg
https://static.agcanada.com/wp-content/uploads/sites/5/2018/12/Parsons-TrailingPic_cmyk.jpg
https://www.rhs.org.uk/getmedia/1ee9c0d5-049f-4e6a-ba1d-f551bcf1bb5b/Crocus-goulimyi.jpg?width=800&height=533
http://www.surrey.ca/images/cos-master/pageImages/salmonberry.jpg
http://www.ox.ac.uk/sites/files/oxford/styles/ow_medium_feature/public/field/field_image_main/pea%20plant.jpg?itok=598P20Pa
https://d2ciprw05cjhos.cloudfront.net/files/v3/styles/gs_large/public/images/19/04/snow_tower_flowers.jpeg?itok=cd84Qt2F
https://cdn.cnn.com/cnnnext/dam/assets/190711180213-02-cannabis-planted-vermont-statehouse-exlarge-169.jpg
https://3c1703fe8d.site.internapcdn.net/newman/csz/news/800/2018/howplantsevo.jpg
https://rukminim1.flixcart.com/image/832/832/plant-seed/m/b/h/priyathams-20-bonsai-flower-seeds-aquatic-plants-double-petals-original-imaezhcxyrpcyh3t.jpeg?q=70
https://i.guim.co.uk/img/media/714c18febd1910d9fcb64152b195035ab08bf367/0_1366_3744_3458/master/3744.jpg?width=300&quality=85&auto=format&fit=max&s=1ea7e626634e019854b94df266da5b75
https://i1.wp.com/images.mapsofindia.com/my-india/2019/01/Scientific-names-of-Common-Plants.jpg?resize=665%2C348&ssl=1
https://s7img.ftdi.com/is/image/ProvideCommerce/PP_18_PLA7139_PC2081_SHP_V1?$proflowers-tile-wide-mv-new$
https://cdn.mamamia.com.au/wp/wp-content/uploads/2019/04/23141055/over-watering-plants.jpg
https://assets-global.website-files.com/5aa1b45d0fecc90001586bf6/5cb244e94c9341d1abd6d96e_Alyssum%20Clear%20Crystal%20Purple%20Shades%20_0815%20(Large)_marked.jpg
https://fwet.brazosbusiness.org/PIAimages/0653973_PE708202_S5.JPG
https://d3atagt0rnqk7k.cloudfront.net/wp-content/uploads/2017/09/19110029/male-female-cannabis-plants-1024x640.jpg
https://westvancouver.ca/sites/default/files/invasiveplants.jpg
https://www.abc.net.au/cm/rimage/10949512-16x9-xlarge.jpg?v=3
https://www.bhg.com.au/media/23805/ginger-plant.jpg?width=640
https://fastplants.org/wp-content/uploads/2018/03/variation-young-population-930x564.jpg
https://shawglobalnews.files.wordpress.com/2015/08/garbage-gardening.jpg?quality=70&strip=all&w=372
https://mobileimages.lowes.com/product/converted/022532/022532917229.jpg
https://www.sciencenews.org/sites/default/files/2018/09/main/articles/092918_book_plants_feat_free.jpg
https://inthezonegardens.ca/wp-content/uploads/2019/04/file-28.jpeg
https://s3.r29static.com//bin/entry/99a/0,0,2000,2400/720x864,85/2131546/experts-say-these-are-the-2131546.webp
https://www.groundup.org.za/media/uploads/images/photographers/Ashraf%20Hendricks/Fynbos-1400HR.jpg
http://www.surrey.ca/images/cos-master/pageImages/Lamium_blackberry_infestation.jpg
https://media.gardenmaking.com/wp-content/uploads/20190203083531/Helleborus-x-hybridus-dryandshadygardens-joanneyoung-720x540.jpg
https://www.sciencealert.com/images/2019-01/processed/evening-primrose_600.jpg
https://i.etsystatic.com/15265690/c/1100/873/0/60/il/9c7e6c/1211862072/il_340x270.1211862072_3kuo.jpg
https://images.glaciermedia.ca/polopoly_fs/1.23389065.1533273269!/fileImage/httpImage/image.jpg_gen/derivatives/landscape_804/marijuana-testing002012-jpg.jpg
http://m.espacepourlavie.ca/sites/espacepourlavie.ca/files/styles/gal-photo-large/public/asclepias-syriaca-jbm014917_0.jpg?itok=KySRJ7Wi
https://upload.wikimedia.org/wikipedia/commons/a/a9/Petunie.jpg
https://i.cbc.ca/1.5097918.1555283260!/fileImage/httpImage/image.jpg_gen/derivatives/16x9_780/marsh-marigold.jpg
https://media.theleafnews.com/images/2000*1333/190412LaurelRoberts06TS.jpg
https://img.crocdn.co.uk/images/products2/pl/20/00/03/43/pl2000034397.jpg?width=440&height=440
https://www.nasa.gov/sites/default/files/thumbnails/image/plants_growing_in_sspf.jpg
https://www.pri.org/sites/default/files/styles/story_main/public/Sunflowers.jpg?itok=TqrK8QUI
https://www.abc.net.au/cm/rimage/10993108-16x9-xlarge.jpg?v=5
https://hips.hearstapps.com/ghk.h-cdn.co/assets/15/33/1439490128-plants.jpg
https://cdn.arstechnica.net/wp-content/uploads/2018/05/JamesPetts_Flickr_Plants.jpg
https://assets.eflorist.com/site/EF-20000/assets/products/PHR_/sku6312390.jpg
https://www.gardeners.com/on/demandware.static/-/Library-Sites-SharedLibrary/default/dw7492f97a/Articles/Gardening/Hero_Thumbnail/5373-squash-or-cuke.jpg
https://d6p0gevo8s9lm.cloudfront.net/media/catalog/category/special-deals3.jpg
https://cottagelife.com/wp-content/uploads/2014/05/800px-Starr_070906-8846_Thymus_citriodorus.jpg
https://static.independent.co.uk/s3fs-public/thumbnails/image/2017/01/11/16/shutterstock-25879033rusty-bumblebee1.jpg?w968h681
https://www.ikea.com/PIAimages/0137316_PE295393_S5.JPG?f=xs
https://www.aspca.org/sites/default/files/styles/medium_image_300x200/public/field/image/plants/shamrock-plant.jpg?itok=MWdETdx2
http://www.panativeplantsociety.org/uploads/1/7/8/2/17829397/header_images/1559683948.jpg
https://www.whitehallgardencentre.co.uk/wp-content/uploads/2018/09/plants600450-1.jpg
https://images.glaciermedia.ca/polopoly_fs/1.23638758.1550613848!/fileImage/httpImage/image.jpg_gen/derivatives/landscape_804/0220-chesnut006880-jpg.jpg
https://www.telegraph.co.uk/content/dam/gardening/2019/04/11/TELEMMGLPICT000160984821_trans_NvBQzQNjv4BqpVlberWd9EgFPZtcLiMQfyf2A9a6I9YchsjMeADBa08.jpeg?imwidth=450
https://d3atagt0rnqk7k.cloudfront.net/wp-content/uploads/2017/05/18134402/cannabis-pruning-2.jpg
https://thumbnails.cbc.ca/maven_legacy/thumbnails/214/655/CAS%20ANTLE%20POISONOUS%20PLANTS%20fff.jpg
https://www.abc.net.au/cm/rimage/10973714-16x9-xlarge.jpg?v=4
https://d6p0gevo8s9lm.cloudfront.net/media/catalog/category/fern.jpg
https://www.insauga.com/sites/default/files/imagecache/lead-image-full/article/2017/04/plants1.jpg
https://cdn.shopify.com/s/files/1/0205/4654/files/Perennials_-_943x589_text2.jpg?v=1520698547
https://canadablooms.com/wp-content/uploads/2019/02/ProvenWinners2.jpg
https://eya.ca/wp-content/uploads/2017/12/Jess-Henry-2017-Native-Plant-Nursery.jpg
http://m.espacepourlavie.ca/sites/espacepourlavie.ca/files/styles/gal-photo-large/public/schlumbergera-istock_000015667460_0.jpg?itok=ejb0-Zsq
https://www.myweekly.co.uk/wp-content/uploads/sites/9/2018/05/Foxglove-main-deadly-plants-x.jpg
https://plantshop.ca/wp-content/uploads/2017/06/Plants_Cacti.jpg
https://21kv353d551g29776l2gzifr-wpengine.netdna-ssl.com/wp-content/uploads/2019/07/17657835_web1_July17Lowther.jpg
https://cdn.vox-cdn.com/thumbor/7MKOtpzg7wPWrEKPAHNlIeCnIG4=/0x0:4272x2848/1200x675/filters:focal(1795x1083:2477x1765)/cdn.vox-cdn.com/uploads/chorus_image/image/63343049/5386942749_6c8140f9ce_o.0.jpg
https://www.haslemeregardencentre.co.uk/files/images/Plants.png
https://albertonrecord.co.za/wp-content/uploads/sites/35/2018/02/Copy-of-Copy-of-Copy-of-valentine-seduction-kit-1-520x400.jpg
https://www.ikea.com/PIAimages/0121092_PE277870_S5.JPG?f=xs
https://static.canadiancattlemen.ca/wp-content/uploads/2018/11/15081543/3_Lupine_002_cmyk.jpg
https://westcoastgardens.ca/wp-content/uploads/2019/06/DSC_0759-600x600.jpg
https://storage.quebecormedia.com/v1/cl_prod/canadian_living/1e17d6e9-38d8-4b71-9751-43692849eb30/01medinilla.jpg
http://thewoodsresorts.com/blog/wp-content/uploads/2017/12/woods1.jpg
https://www.australianplantsonline.com.au/pub/media/catalog/product/cache/2a6b0744b87cbe1990f7a65c1fd3659e/m/o/monstera-plants.jpg
https://resources.stuff.co.nz/content/dam/images/1/o/o/b/c/r/image.related.StuffLandscapeSixteenByNine.710x400.1oodoi.png/1520201481616.jpg
https://tul.imgix.net/content/article/Indoor_Plants_Article_Header.jpg?auto=format,compress&w=740&h=486&fit=crop
https://storage.googleapis.com/gen-atmedia/2/2018/10/d7d2f47a521a305d091b3820f525c66d6528df7b.jpeg
https://www.ontarioparks.com/parksblog/wp-content/uploads/2017/04/Arctic_pyrola_Cavern_lake_lesley_ng-825x510.jpg
https://pixel.nymag.com/imgs/daily/strategist/2018/04/23/amazon-plants/23-amazon-plants-lede.w700.h700.jpg
https://www.starkbros.com/images/dynamic/3520-960x960.jpg
http://www.pthomeandgarden.com/wp-content/uploads/Photo-1-Asarum-canadense.jpg
https://static.independent.co.uk/s3fs-public/thumbnails/image/2019/03/07/17/house-plants-hero.jpg?w968h681
https://content.api.news/v3/images/bin/9ece2033d3c3256a7a5c3ea424f31649?width=1024
https://s7img.ftdi.com/is/image/ProvideCommerce/PP_19_ORC3inphal_PC2491_SHP_V1?$proflowers-tile-wide-mv-new$
https://s7d2.scene7.com/is/image/homedepotcanada/p_1000407681.jpg?$pipGallery$&hei=1000&wid=1000&fmt=jpg&fit=constrain
https://i.ytimg.com/vi/trWzDlRvv1M/maxresdefault.jpg
https://uploads-ssl.webflow.com/5c7da11f03dd897c90e6ef71/5c7da11f03dd896b1fe6f071_pink-flowers-700x371.jpg
https://greengate.ca/images/indoor/7189.jpg
https://images.thestar.com/7clavO8Ad6OuvHcuSpDQQMgP6O8=/1086x889/smart/filters:cb(2700061000)/https://www.thestar.com/content/dam/thestar/life/homes/spring-gardening/2016/04/22/find-elusive-native-plants-at-these-toronto-area-sales/wild-raspberry.jpg
https://www.themiddlesizedgarden.co.uk/wp-content/uploads/lavender-in-pot-petunia-panicum.jpg
https://media.theleafnews.com/images/NEP5561141.jpg
http://www.rareplantfair.co.uk/media/45655/20170402_141434-2.jpg
https://www.telegraph.co.uk/content/dam/gardening/2016/01/11/birdsfoot-trefoil_trans_NvBQzQNjv4BqqVzuuqpFlyLIwiB6NTmJwfSVWeZ_vEN7c6bHu2jJnT8.jpg?imwidth=450
https://hgtvhome.sndimg.com/content/dam/images/grdn/fullset/2015/6/1/0/CI_1-6-ecp-141.jpg.rend.hgtvcom.616.822.suffix/1452973056505.jpeg
https://d3atagt0rnqk7k.cloudfront.net/wp-content/uploads/2017/08/23144442/male-cannabis-plant.jpg
https://img-s-msn-com.akamaized.net/tenant/amp/entityid/AAEHbmz.img?h=416&w=624&m=6&q=60&u=t&o=f&l=f
https://www.comoxvalleyrd.ca/sites/default/files/styles/banner/public/uploads/images/banner/istock-680907326.jpg?itok=6ytxHMgm
https://www.adultlearningbcc.ac.uk/wp-content/uploads/Garden-Plants-and-Design.jpg
https://www.medicalnewstoday.com/content//images/articles/325/325273/bandicoot-berry.jpg
https://i.cbc.ca/1.3126411.1435176324!/fileImage/httpImage/image.JPG_gen/derivatives/4x3_1180/western-red-lily.JPG
http://cdn.shopify.com/s/files/1/1267/6177/files/rose-bud-2427561_1920_large.jpg?v=1503064242
https://upload.wikimedia.org/wikipedia/commons/thumb/e/e4/Mandragora_officinarum_002.JPG/1200px-Mandragora_officinarum_002.JPG
https://images.theconversation.com/files/61594/original/y56vphpb-1413249886.jpg?ixlib=rb-1.1.0&q=45&auto=format&w=926&fit=clip
https://www.trowbridgegardencentre.co.uk/files/images/Plants%20Trowbridge%20(2).png
https://cdn.britannica.com/12/204412-131-CBDD37E6.jpg
https://www.homedepot.ca/content/dam/homedepot/images/ideas-how-to/buying-guides/lawn-and-garden-centre/project-guides/plants-that-grow-in-shade/sep-2018-pguides-plants-that-grow-in-shade-600x400.jpg
https://www.sciencenews.org/sites/default/files/2019/06/main/articles/061719_ed_dew-droplets_feat.jpg
https://cdn.shopify.com/s/files/1/1025/1611/files/Plants-In-Grower_s-Pots_500x.jpg?v=1537895927
https://www.australiangeographic.com.au/wp-content/uploads/2012/07/australias-poisonous-plants.jpg
https://www.rhs.org.uk/getmedia/1b9b84d9-a923-4e4f-a4c6-94c798cbd107/Bee-on-Echinacea-purpurea-Magnus-_RHS-0001800_1.jpg?width=336&height=201
https://static.standard.co.uk/s3fs-public/thumbnails/image/2017/04/04/18/3.jpg
https://img.huffingtonpost.com/asset/5cd4f4031f000030009c1bc6.jpeg?ops=1200_630
https://meccms.imgix.net/wp-content/uploads/2016/09/poison-ivy.jpg?v=1526417267&w=1100&h=732&auto=format&q=30&bg=FFF
https://www.bunnings.com.au/-/media/au/diy-advice-house/outdoor-gardening/planting%20and%20growing/how%20to%20choose%20drought%20tolerant%20plants/how%20to%20choose%20drought%20tolerant%20plants_header.png
https://21vk87r2mob30nkmwrtfd167-wpengine.netdna-ssl.com/wp-content/uploads/2014/05/row2-21-500x300.png
https://westcoastgardens.ca/wp-content/uploads/2018/01/lowlight2.jpg
https://greengate.ca/images/house-plant/Aphelandra-or-Zebra-Plants-crop.jpg
https://i1.fnp.com//images/pr/l/set-of-4-lush-green-foliage-plants_1.jpg
https://www.ikea.com/PIAimages/0121010_PE277826_S5.JPG?f=xs
https://www.themississaugafoodbank.org/wp-content/uploads/2019/03/IMG-20181231-WA0001-2-742x417.jpeg
https://thumbnails.cbc.ca/maven_legacy/thumbnails/968/387/sk-web-medicinal-walk_2500kbps_852x480_1017867843654.jpg
https://manitobamuseum.ca/main/wp-content/uploads/2018/07/Chenopodium-salinum.jpg
http://m.espacepourlavie.ca/sites/espacepourlavie.ca/files/styles/gal-photo-large/public/0260-tar-00018_0.jpg?itok=BgT88Ag1
http://www.invadingspecies.com/wp-content/uploads/2017/03/Garlic-Mustard-credit-Wasyl-Bakowsky-MNR-1536x1080.jpg
https://cdn.gearpatrol.com/wp-content/uploads/2019/01/10-Best-Indoor-Plants-Gear-Patrol-umbrella.jpg
https://plantshop.ca/wp-content/uploads/2017/06/Plants_Carnivorous.jpg
https://hips.hearstapps.com/vader-prod.s3.amazonaws.com/1554477544-fiddle-leaf-fig-tree-in-the-cement-pot-royalty-free-image-1009749428-1546889692.jpg?crop=0.441xw:0.661xh;0.551xw,0.120xh&resize=480:*
https://earth911.com/wp-content/uploads/2014/06/Spider-Plant-600x398.jpg
https://images.unsplash.com/photo-1524055988636-436cfa46e59e?ixlib=rb-1.2.1&ixid=eyJhcHBfaWQiOjEyMDd9&w=1000&q=80
https://www.sunset.com/wp-content/uploads/marquee_large_2x/aloe-arborescens-tjs-1014-2400x1200-c-default.jpg
https://www.mydomaine.com/thmb/4pskoTfHQT_rVT53JdXj4PQ2K5w=/875x700/filters:no_upscale():max_bytes(150000):strip_icc()/cdn.cliqueinc.com__cache__posts__265597__undefined-265597-1534524175963-image.700x0c-e27ef1d5d4b841b1935a34d1d56db0a8.jpg
https://imagesvc.meredithcorp.io/v3/mm/image?url=https%3A%2F%2Fstatic.onecms.io%2Fwp-content%2Fuploads%2Fsites%2F37%2F2016%2F03%2F15230638%2Faechmea-fasciata-6fcdcd92.jpg&q=85
https://www.gardeners.com/on/demandware.static/-/Library-Sites-SharedLibrary/default/dw19a1a19f/Articles/Gardening/Hero_Thumbnail/5703-seedlings-before-after.jpg
https://s3.amazonaws.com/finegardening.s3.tauntoncloud.com/app/uploads/2014/04/11154809/fg108EVIMG_4841SA_web11-700x466.jpg
https://www.tallgrassontario.org/images/garden_plants_pic1.png
https://s7img.ftdi.com/is/image/ProvideCommerce/PF_18_PLA01802_PLA01811_GREEN_PLANTS_SUMMER_V1_PF_SITE_PLP_BANNER
https://www.telegraph.co.uk/content/dam/gardening/2018/01/17/TELEMMGLPICT000151538154_trans_NvBQzQNjv4BqpVlberWd9EgFPZtcLiMQfyf2A9a6I9YchsjMeADBa08.jpeg?imwidth=480
https://bcinvasives.ca/images/invasives/_350/hawkweeds-640.jpg
https://kaleidoscope.scene7.com/is/image/OttoUK/300w/Pair-of-Standard-Lilac-(Syringa-%E2%80%99Palibin%E2%80%99)-Trees-NR~39R920FRSP.jpg
https://img1.southernliving.timeinc.net/sites/default/files/styles/landscape_3_2/public/image/2019/05/main/gettyimages-1057196146.jpg
https://images.almostedenplants.com/images/full/2019%20Pretty%20In%20Pink.jpg
https://assets.eflorist.com/site/EF-22461/assets/products/PHR_/sku6440187.jpg?1554229594403
https://www.thespruce.com/thmb/lDcR9AjCSx0Ueda1kWhJuO-AKWw=/450x0/filters:no_upscale():max_bytes(150000):strip_icc()/fresh-mint-and-rosemary-herbs-plants-growing-in-a-herb-garden-679483534-5b1ca64f30371300369bf7bb.jpg
http://medallionplants.com/wp-content/uploads/2017/08/medallion-tag.jpg
https://www.tourmaui.com/wp-content/uploads/Pink-and-yellow-Plumeria.jpg
http://m.espacepourlavie.ca/sites/espacepourlavie.ca/files/styles/gal-photo-large/public/aglaonema-nitidum-0130-agl-00013_0.jpg?itok=zA-orCWj
https://i.cbc.ca/1.4526215.1519866417!/fileImage/httpImage/image.jpg_gen/derivatives/16x9_780/bruce-linton-canopy-growth-cannabis-plants-marijuana.jpg
https://hips.hearstapps.com/hmg-prod.s3.amazonaws.com/images/best-fall-flowers-1561404493.jpg?crop=0.668xw:1.00xh;0.242xw,0&resize=640:*
https://i1.wp.com/media.globalnews.ca/videostatic/434/679/Plantinn_cannabis_outdoors_848x480_1526247491527.jpg?w=372&quality=70&strip=all
https://canadale.ca/wp-content/uploads/2016/05/Hibiscus-Tricolor.jpg
https://rapidlawn.ca/wp-content/uploads/2018/11/nativeplants-862x350.png
https://www.athome.com/dw/image/v2/AAYZ_PRD/on/demandware.static/-/Sites-AtHome/default/dw1f57e665/images/124257560.jpg?sw=740&sh=740&sm=fit
https://s3.eu-west-2.amazonaws.com/growinginteractive/blog/young-plants-2x.jpg
https://postmediaottawacitizen2.files.wordpress.com/2016/07/0709-garden-col-mark-cullen-milk-weed.jpeg?quality=80&strip=all&w=371&h=277&crop=1
https://www.terragreenhouses.com/wp-content/uploads/2019/04/TERRA-DaisyClub-Signup-Header.jpg
https://www.aquaticbiologists.com/product_images/uploaded_images/arrowhead-in-bloom.jpg
https://1vy3xb4dnlyw2hi8ft1pvwr0-wpengine.netdna-ssl.com/wp-content/uploads/2017/08/venus_flytrap_primary.jpg
https://www.salisburygreenhouse.com/wp-content/uploads/28.-Air-Cleaning-Plantsimage-01.jpg
http://anpc.ab.ca/wp-content/uploads/2015/01/Antedim_3_Jla_shrunk.jpg
https://a6adc47bb216dfe8a383-49bf67815854ec9e2c04a8f4abb9cbf5.ssl.cf3.rackcdn.com/images/affiliates/next/categories/plants/next-plant-hero-plants-for-small-spaces-feb-19-2.jpg
https://www.mydomaine.com/thmb/F-niGcilLdJTbb0IlmjzgZ-N850=/1500x1000/filters:no_upscale():max_bytes(150000):strip_icc()/indorr-hanging-plants-final-bcf2b5749f17421784b6424171dafac6.png
https://q7i2y6d5.stackpathcdn.com/wp-content/uploads/2007/07/sunflower-plants-400x264.jpg
https://hips.hearstapps.com/hmg-prod.s3.amazonaws.com/images/sedum-takesimense-atlantis-1558363979.jpg
https://physicsworld.com/wp-content/uploads/2018/07/photosynthesis-18386963-iStock%EF%80%A6MilosJokic.jpg
https://media.mnn.com/assets/images/2016/04/sunflower-plants.jpg.653x0_q80_crop-smart.jpg
https://www.salisburygreenhouse.com/wp-content/uploads/28.-Air-Cleaning-PlantsArtboard-1-1.jpg
http://melbflowershow.com.au/wp-content/uploads/2017/12/GettyImages-769865913.jpg
https://images.thestar.com/gJPVC8kdfAbOmUfxD9MOboBdQCc=/1200x902/smart/filters:cb(2700061000)/https://www.thestar.com/content/dam/thestar/life/homes/2014/10/03/its_time_for_your_tropicals_to_move_inside/main_cullen.jpg
https://21vk87r2mob30nkmwrtfd167-wpengine.netdna-ssl.com/wp-content/uploads/2014/04/greenpolicy-500x300.jpg
https://www.sciencealert.com/images/articles/processed/Plant_web_600.jpg
https://barvaskintherapie.com/wp-content/uploads/2015/12/Plants_Conservatory.jpg
https://3c1703fe8d.site.internapcdn.net/newman/csz/news/800/2017/plant.jpg
https://img.crocdn.co.uk/images/affiliates/waitrose/responsive/landing/plants/grasses-210219.jpg
https://cdn-01.independent.ie/lifestyle/article30171978.ece/21eb2/AUTOCROP/w620/NWS_2014-04-10_LIF_010_31032549_I2.JPG
https://www.worldatlas.com/r/w1200-h630-c1200x630/upload/f4/0d/88/plants-feel-pain.jpg
https://cdn.shopify.com/s/files/1/0150/6262/products/the-sill_snake-plant-slaurentii_terracotta_4_1500x.progressive.jpg?v=1537308389
https://ksassets.timeincuk.net/wp/uploads/sites/56/2018/10/Sansevieria-houseplants.jpg
https://media.theleafnews.com/images/NEP5324974.jpg
https://horse-canada.com/wp-content/uploads/2018/05/HC_MayJune18_10AmazingFacts-Insects_Fotolia.jpg
https://static1.squarespace.com/static/5be57f79a2772ceaae91ec1e/t/5bf860550ebbe88c338a2225/1543004259967/IMG_20181123_151401.jpg?format=1500w
https://www.thompson-morgan.com/images/landing/plants-and-shrubs-exotics.jpg
https://www.thegrowthop.com/wp-content/uploads/2019/07/1a_thegrowthop_cannabis-planted-vermont-statehouse-exlarge-169.jpg
https://img.webmd.com/dtmcms/live/webmd/consumer_assets/site_images/article_thumbnails/slideshows/poison_plants_guide_slideshow/1800x1200_poison_plants_guide_slideshow.jpg
https://www.thespruce.com/thmb/SeYu35IvodEFF6BNM7X-Q_0v-qY=/1600x1062/filters:no_upscale():max_bytes(150000):strip_icc()/Agapanthus-57f7655d5f9b586c350ea594.jpg
https://images.ctfassets.net/zma7thmmcinb/6P8Lekeipq4OGkiya848ag/c50c60b4c328b99cf6591c81364d2fc2/containers-self-cleaning-plants-pv-zinnia.jpg
https://d19r1twe1senfi.cloudfront.net/uploads/avr/image_event_online/image/86771a3a-0f29-4cfe-8b09-6a92d1a42f06/scaled_AdobeStock_204469392.jpeg
http://www.pthomeandgarden.com/wp-content/uploads/pthomeandgarden_Aloe_Verra-700x300.jpg
https://canadale.ca/wp-content/uploads/2016/09/Euonymus-alatus-compactus.jpg
https://www.italflorist.com/flower/image/thumbnail/white-orchid-ceramic-pot.jpg
https://theplantpeople.co.nz/wp-content/uploads/2018/04/signature-plants-2.jpg
https://cdn-img.health.com/sites/default/files/styles/large_16_9/public/styles/main/public/house-plants-air-quality_0.jpg?itok=eZfSJ9Au
https://cdn.britannica.com/s:900x675/20/170820-131-52B35787.jpg
https://www.gardeners.com/on/demandware.static/-/Library-Sites-SharedLibrary/default/dw8ad1e97a/Articles/Gardening/Hero_Thumbnail/8915-tillandsia.jpg
https://raisingchildren.net.au/__data/assets/image/0023/50477/dangerous-plants.jpg
https://www.welcomenepal.com/uploads/pages/rhododendron-ar-plants.jpeg
https://static.toiimg.com/photo/65186287.cms
https://handymanprollc.com/wp-content/uploads/2018/12/native-plants-1080x627.png
https://this.deakin.edu.au/wp-content/uploads/2018/11/Plants-at-desk.jpg
https://www.carnivorousplants.co.uk/img/hantsflytrap-2018/matthew-soper-hampshire-carnivorous-plants-800.jpg
https://i3.fnp.com/assets/images/custom/new-plants/occasions/birthday-plant-16-july-2019.jpg
https://hips.hearstapps.com/hmg-prod.s3.amazonaws.com/images/house-plant-display-beside-window-indoor-plants-royalty-free-image-839958456-1563398079.jpg?crop=0.668xw:1.00xh;0.0144xw,0&resize=640:*
https://www.planetnatural.com/wp-content/uploads/2012/12/houseplants1.jpg
https://21vk87r2mob30nkmwrtfd167-wpengine.netdna-ssl.com/wp-content/uploads/2016/04/air-plants-care.jpg
https://www.primrose.co.uk/images/soft_fruit_plants_new.jpg
https://suttons.s3.amazonaws.com/h/s/POND-PLANTS.jpg
https://nationalpostcom.files.wordpress.com/2017/07/nyjk214-ap.jpg?quality=80&strip=all&w=780
https://westcoastgardens.ca/wp-content/uploads/2018/01/DSC_4985-1024x1024.jpg
https://www.outdoorcanada.ca/wp-content/uploads/2018/01/47726_max.jpg
https://pixel.nymag.com/imgs/daily/strategist/2018/06/01/artificial-plants/01-artificial-plants.w700.h700.jpg
https://www.terragreenhouses.com/wp-content/uploads/2017/07/Stella-de-oro-Day-Lily-Hemerocallis-Stella-de-Oro-247x318.jpg
https://www.abmi.ca/dam/jcr:2afeb338-0dea-4d2a-b577-1a9de81302b8/rareplants_large.jpg
https://cdn.thewirecutter.com/wp-content/uploads/2018/04/houseplants-2x1-7717.jpg
http://medallionplants.com/wp-content/uploads/2017/11/purple-pots-065-e1525874718827-1500x562.jpg
https://cms.qz.com/wp-content/uploads/2018/12/plants-can-feel-you-touching-them-and-they-are-displeased-e1545087626650.jpg?quality=75&strip=all&w=410&h=230.65999089667727
https://secure.img1-fg.wfcdn.com/im/84380111/resize-h600-w600%5Ecompr-r85/1598/15987147/Artificial+Plants+%26+Trees.jpg
https://d6p0gevo8s9lm.cloudfront.net/media/catalog/category/conifer.jpg
https://q7i2y6d5.stackpathcdn.com/wp-content/uploads/2012/01/peace-lily1-400x600.jpg
https://www.hamilton.ca/sites/default/files/media/browser/2016-08-05/c3-purple-cone-flowers.jpg
https://www.almanac.com/sites/default/files/styles/primary_image_in_article/public/image_nodes/mint-planting-growing-harvesting.jpg?itok=41i3t8up
https://www.primrose.co.uk/images/fruit_trees.jpg
https://cosmos-magazine.imgix.net/file/spina/photo/19783/190722-dodder_full.jpg?fit=clip&w=835
http://www.shelmerdine.com/wp-content/uploads/2017/03/Shelmerdine-Indoor-Plants.jpg
http://m.espacepourlavie.ca/sites/espacepourlavie.ca/files/styles/gal-photo-large/public/genista-mt0033825_0.jpg?itok=pBohCvvw
https://www.toronto.ca/wp-content/uploads/2018/05/8f53-front-garden-1024x338.jpg
https://www.fernhill.ie/files/images/Plants%20in%20Ireland-Westmeath-Fernhill%20Garden%20Centre-Outdoor%20Plants.jpg
https://www.todocanada.ca/wp-content/uploads/Plant-Workshops-Edmonton.png
https://www.nwtrek.org/wp-content/uploads/2018/01/Plants-hero.jpg
https://assets.eflorist.com/site/EF-5493/assets/products/PHR_/sku4211743.jpg
https://i0.wp.com/metro.co.uk/wp-content/uploads/2019/05/GettyImages-1047035004.jpg?quality=90&strip=all&zoom=1&resize=540%2C360&ssl=1
https://static01.nyt.com/images/2018/02/06/science/03TB-PLANTS/merlin_133180400_1496b232-7029-46b1-a9c5-9653769d4cc8-articleLarge.jpg?quality=75&auto=webp&disable=upscale
https://scontent.cdninstagram.com/vp/f413a721bae5140b0fb9c2adec7b3285/5DB5C1E2/t51.2885-15/sh0.08/e35/p640x640/64653090_195561031399448_8277659409312930759_n.jpg?_nc_ht=scontent.cdninstagram.com
https://upload.wikimedia.org/wikipedia/commons/f/f4/Leaf_1_web.jpg
https://static1.squarespace.com/static/5390e38de4b040333af1eb61/558ca782e4b06713b8f22193/587276eba5790a9fba8e9839/1514808050412/2016-Mar-13-Plants-9882.jpg?format=2500w
https://d2r55xnwy6nx47.cloudfront.net/uploads/2018/01/Aribidopsis_thaliana_inflorescence_2880x1620_02-2880x1620.jpg
https://pierrecarapetian.com/wp-content/uploads/2018/10/plants-for-condos.jpg
http://static1.squarespace.com/static/569ebff4c647ad650f36d23c/56bcf01345bf219e041aa667/5988b0541e5b6c215dc406d7/1502131300319/Screen+Shot+2017-08-07+at+11.33.36+AM.png?format=1500w
https://www.hinton.ca/ImageRepository/Document?documentID=5703
https://gypsytan.com/wp-content/uploads/2019/01/indoor-plants-that-clean-the-air-and-remove-toxins-Gypsy-Tan-00001-1600x2400.jpg
https://hips.hearstapps.com/clv.h-cdn.co/assets/cm/15/09/54eb4fb652f94_-_clv-pinks-lgn.jpg?crop=1.00xw:0.747xh;0,0.167xh&resize=480:*
https://www.nnrg.org/wp-content/uploads/2018/12/nativeplantsale.jpg
http://www.tsl.ac.uk/wp-content/uploads/2018/06/Plant-Immunity-2.jpg
https://img1.southernliving.timeinc.net/sites/default/files/styles/medium_2x/public/image/2016/03/main/indoor.jpg?itok=GkU1GMks
https://i.kinja-img.com/gawker-media/image/upload/s--oc366aN9--/c_scale,f_auto,fl_progressive,q_80,w_800/t92uwhhdj3aimu9fltql.jpg
https://www.joyfulbutterfly.com/wp-content/uploads/2015/03/turtlehead-510x510.jpg
https://tul.imgix.net/content/article/where-to-buy-indoor-plants-sydney.jpg?auto=format,compress&w=740&h=486&fit=crop
https://edge.bonnieplants.com/www/uploads/20181011010308/BONNIE-PLANTS_culantro-iStock-946488108-2400px1.jpg
http://www.nurturinggreen.in/media/wysiwyg/PLANTER.jpg
https://res-5.cloudinary.com/the-university-of-melbourne/image/upload/s--0afneejY--/c_fill,f_auto,h_1800,q_75,w_1200/v1/pursuit-uploads/2de/04f/baa/2de04fbaa05bc6d64915f11d5cddf597aba2c75a967dc505219b23edd8bd.jpg
http://www.invadingspecies.com/wp-content/uploads//photo-gallery/Terrestrial.Plants/Japanese.Knotweed/japaneseknotweed_credit_Francine_Macdonald.jpg
https://www.hinton.ca/ImageRepository/Document?documentID=5702
https://images.theconversation.com/files/195885/original/file-20171122-6020-15wox5s.jpg?ixlib=rb-1.1.0&q=45&auto=format&w=926&fit=clip
https://bcfarmsandfood.com/wp-content/uploads/5-deer-proof-pollinator-plants-600x450.jpg
https://i2.wp.com/startsleeping.org/wp-content/uploads/2019/02/Fotolia_209652275_S.jpg?resize=799%2C601&ssl=1
http://www.shelmerdine.com/wp-content/uploads/2017/03/5-Hard-to-Kill-Houseplants.jpg
https://www.quakerearthcare.org/sites/default/files/styles/full-width/public/page/native_plants.jpg?itok=32guYlIh
https://pcacdn.azureedge.net/-/media/pn-np/pe/pei-ipe/WET4/decouvrir-discover/Lady-Slipper_001.jpg?la=en&modified=20180514192343&hash=087252FA6F243CED58BFCAB987A6C381B418A9C6
http://www.bhg.com.au/media/22613/indoor-flowering-plant.jpg
http://www.nativeplants.ca/010~Welcome/black-eyed-susan.jpg
https://scotts-nursery.ca/wp-content/uploads/2019/03/Aluminum-Plant-300x300.jpg
https://cdn.shopify.com/s/files/1/0150/6262/products/the-sill_zz-plant-plant_1_4_1500x.progressive.jpg?v=1537546246
https://www.classicroses.co.uk/media//catalog/product/cache/cat_resized/perennials-plants-page_1.jpg
https://www.edmonton.ca/residential_neighbourhoods/Images/NativePlantSuppliersFeature_rdax_500x309.jpg
https://www.flowerpower.com.au/wordpress/wp-content/uploads/2015/08/Frangipani-with-foliage.jpg
https://images.glaciermedia.ca/polopoly_fs/1.23795652.1555612073!/fileImage/httpImage/image.jpg_gen/derivatives/landscape_804/the-rare-tree-echieum-or-snow-tower-plant-produces-white-flowers-on-a-flower-spike-which-can-re.jpg
https://res.cloudinary.com/patch-gardens/image/upload/c_fill,f_auto,h_400,q_auto:good,w_400/v1550231649/products/medinilla-magnifica-a86107.jpg
http://tomatosphere.letstalkscience.ca/Portals/5/Resource-Images/light-and-plants.jpg?w=600
https://s3.amazonaws.com/talkstar-photos/uploads/18822c07-a2dd-4621-8c0e-6e76f111f2e0/carnivorousplants_textless.jpg
https://img.webmd.com/dtmcms/live/webmd/consumer_assets/site_images/articles/health_tools/poison_plants_guide_slideshow/1800ss_wikimedia_rf_poison_sumac.jpg?resize=650px:*
https://cdn.gardenista.com/wp-content/uploads/2018/07/zz-plant-roots-ottawaplants.png
https://s7img.ftdi.com/is/image/ProvideCommerce/PP_18_PLA1943_PC2334_SHP_V1?$proflowers-tile-wide-mv-new$
https://www.ambius.com/blog/wp-content/uploads/2016/09/ThinkstockPhotos-489838570.jpg
https://pcacdn.azureedge.net/-/media/pn-np/on/rouge/WET4/nature/RNUP_nature-_plants_870x290.jpg?modified=20190530112741
https://www.theloop.ca/wp-content/uploads/2017/03/177285-poison-plants-bloodroot.jpg
https://www.thegrowthop.com/wp-content/uploads/2019/04/Learn-indica-vs-sativa-e1556040190811.jpg
https://thehudsonindependent.com/build/wp-content/uploads/2019/04/12F0B7EE-6127-4AED-9F13-E01FAA7D1B08.jpeg
https://www.woodlandtrust.org.uk/media/100821086/istock-908208212-1.jpg
https://gypsytan.com/wp-content/uploads/2019/01/ZZ-Plant-indoor-plants-that-clean-the-air-and-remove-toxins-1600x2400.jpg
http://www.costafarms.com/CostaFarms/Galium%20odoratum.jpg?height=299&width=299&scale=both&crop=auto
https://images.immediate.co.uk/production/volatile/sites/10/2019/06/2048x1365-Persicaria-runcinata-Purple-Fantasy-LI3917842-cad30cb.jpg?quality=45&resize=620,413
https://d3atagt0rnqk7k.cloudfront.net/wp-content/uploads/2018/05/11125936/cannabis-mom-plants.jpg
https://www.chicagotribune.com/resizer/TcUKxY1brV7G__nsLtogKJl7qkk=/800x553/top/arc-anglerfish-arc2-prod-tronc.s3.amazonaws.com/public/XZWLDEJFONFIHNW57D67O26IKA.jpg
https://hips.hearstapps.com/vader-prod.s3.amazonaws.com/1554477330-beautiful-asparagus-fern-plant-in-a-basket-royalty-free-image-972247932-1546889240.jpg?crop=0.547xw:0.361xh;0.393xw,0.317xh&resize=480:*
https://q7i2y6d5.stackpathcdn.com/wp-content/uploads/2012/06/water3.jpg
https://suttons.s3.amazonaws.com/p/FLSGER35986_3.jpg
https://images.squarespace-cdn.com/content/v1/5c13e2e48f51309499864d1d/1553789914725-TDHJGMB3MXVS8SRQR47L/ke17ZwdGBToddI8pDm48kIcenbl9iWEfgDkZDmOW8qJ7gQa3H78H3Y0txjaiv_0fDoOvxcdMmMKkDsyUqMSsMWxHk725yiiHCCLfrh8O1z5QHyNOqBUUEtDDsRWrJLTmlMqpINHCYwrjchQjceiMlWHwVg8SDIpin7VuWs2KSRThBehHMHt5tKavBEAtcS8A/tree-nature-blossom-plant-fruit-berry-1117333-pxhere.com.jpg
https://www.economical.com/getmedia/886d3707-6872-4cf0-a81b-d15b11eaa683/Blog_Apartment-Plants_720x400-min?width=420
https://images.squarespace-cdn.com/content/v1/544591e6e4b0135285aeb5b6/1557945741730-QH8KAD3ZMNG6AY598S1G/ke17ZwdGBToddI8pDm48kBZw6jF4_OvU-ddo_vwqGhp7gQa3H78H3Y0txjaiv_0fDoOvxcdMmMKkDsyUqMSsMWxHk725yiiHCCLfrh8O1z5QPOohDIaIeljMHgDF5CVlOqpeNLcJ80NK65_fV7S1Ub61YCrK70I7JIpWiI8ho4Yi1WvVNQtDE81xuRbL1MFKm0sD-Bab7E9MY8W31A7zMQ/Arisarum_proboscideum_%28leaves%29.jpg
https://kascomarine.com/wp-content/uploads/2017/05/Submerged-plants.jpg
https://ofnc.ca/wp-content/uploads/2018/01/Tansy.jpg
https://hips.hearstapps.com/hmg-prod.s3.amazonaws.com/images/monstera-deliciosa-1560888659.jpg?crop=1xw:1xh;center,top&resize=480:*
https://assets.myntassets.com/dpr_2,q_60,w_210,c_limit,fl_progressive/assets/images/2334600/2017/12/12/11513083161390-na-5621513083161293-1.jpg
https://cdn.shopify.com/s/files/1/0156/0137/products/1200x960-Black-Pansy-new-sticker_600x460_crop_top.jpg?v=1546952576
http://silkplantwarehouse.ca/wp-content/uploads/2018/06/IMG_2185-550x400.jpg
https://www.fillpots.co.uk/files/images/plants-chester.jpg
https://images-i.jpimedia.uk/imagefetch/c_fill,f_auto,h_640,q_auto:eco,w_960/https://inews.co.uk/wp-content/uploads/2019/01/best-house-plants.png
https://hgtvhome.sndimg.com/content/dam/images/hgtv/fullset/2018/4/2/0/CI_ColorBlends-Blue-Hyacinth.JPG.rend.hgtvcom.966.644.suffix/1522671815803.jpeg
https://courses.opened.uoguelph.ca/srs/upload/GPP.jpg
https://cottagelife.com/wp-content/uploads/2015/04/shutterstock_5922826-copy-e1430241997241.jpg
https://www.nparks.gov.sg/-/media/mgs/images/issue-29-vol-2-2016/aeschynanthus-parvifolius-tamako-kobayashi1.jpg
http://canadainvasives.ca/images/content/Top10plants_11.jpg
https://media.wired.com/photos/59cece17638add29fdc40405/master/w_2400,c_limit/plant-TA.jpg
https://images.squarespace-cdn.com/content/v1/544591e6e4b0135285aeb5b6/1561662414684-WUXU83F1RMQFFQ3DCTF7/ke17ZwdGBToddI8pDm48kDqqELeEPqRh3KFjJKuQvg4UqsxRUqqbr1mOJYKfIPR7LoDQ9mXPOjoJoqy81S2I8N_N4V1vUb5AoIIIbLZhVYxCRW4BPu10St3TBAUQYVKccxWlcrcu_yYxwWt1XoLRInZHWtOQ4i1wJy2HIRmdQVRSjNZm2zkU0iOYpzFMn5TW/RO_Tayloria_octoblepharum_51.jpg
https://nhpbs.org/wild/images/silverylupineusfwdrthomasgburton.jpg
https://upload.wikimedia.org/wikipedia/commons/thumb/c/cd/ISS-46_Zinnia_flower_in_the_Cupola_%283%29.jpg/330px-ISS-46_Zinnia_flower_in_the_Cupola_%283%29.jpg
https://3c9sm1yzqy518hwx3f6o4c64-wpengine.netdna-ssl.com/wp-content/uploads/2018/05/sunflowers.jpg
https://www.burpee.com/dw/image/v2/ABAQ_PRD/on/demandware.static/-/Sites-masterCatalog_Burpee/default/dw538b0050/Images/Product%20Images/prod500323/prod500323.jpg?sw=265&sh=312&sm=fit
https://www.totallandscapecare.com/wp-content/uploads/sites/5/2019/02/12584.jpg
https://bandcampblog.files.wordpress.com/2018/03/happy.gif?w=600&h=600
https://www.environment.sa.gov.au/files/sharedassets/good_living/images/content/2016/09/plants-to-avoid/tropaeolum_majus-forestkimstarr.jpg
https://cdn.rentokil.com/content/local/us-amb/images/desktop/main_calathea-banner-min.jpg
https://i2.wp.com/weheartwinnipeg.ca/wp-content/uploads/2017/08/Verde-Plant-Shop.jpg?resize=1200%2C793&ssl=1
https://media1.popsugar-assets.com/files/thumbor/6AtLJRoePR5xDSOQKltpEvIyKPg/fit-in/2048xorig/filters:format_auto-!!-:strip_icc-!!-/2018/02/08/763/n/2589280/875d96ac5a7c86a59beba9.77944237_edit_img_image_44565308_1518104588/i/Pink-Indoor-Plants.jpg
https://res.cloudinary.com/patch-gardens/image/upload/c_fill,f_auto,h_400,q_auto:good,w_400/v1535696509/products/ficus-lyrata-vertakt-de7ca3.jpg
https://www.gardendesign.com/pictures/images/675x529Max/site_3/shadowland-autumn-frost-hosta-hosta-plant-proven-winners-proven-winners_13184.jpg
https://hayloft.co.uk/images/page/email-signup-may.jpg
https://www.ctvnews.ca/polopoly_fs/1.4043066.1533651071!/httpImage/image.jpg_gen/derivatives/landscape_620/image.jpg
https://i1.fnp.com/assets/images/custom/new-plants/plant-by-type/indoor-plants-22-july-2019.jpg
https://www.denverpost.com/wp-content/uploads/2017/03/poppy-mallow-e1490810948454.jpg?w=620
https://www.ikea.com/PIAimages/67453_PE181294_S5.jpg
https://www.telegraph.co.uk/content/dam/gardening/2019/04/11/TELEMMGLPICT000143797323_trans_NvBQzQNjv4Bqyntj27Do1A_uEF6jNSG5NliLS1kdl2-31boe1QZtYnw.jpeg?imwidth=450
https://images-eu.ssl-images-amazon.com/images/G/31/img16/LawnGarden/outdoordecor/1007439_Bamboo_440x300.jpg
https://www.gardens4you.ie/media/catalog/product/cache/9/thumbnail/350x/9df78eab33525d08d6e5fb8d27136e95/F/D/FD10890WH_35.jpg
https://media.architecturaldigest.com/photos/5a82fab7498fd76f3be3d4cc/master/w_1600%2Cc_limit/indoor-trees-DracaenaMarginata_1.jpg
https://storage-cube.quebecormedia.com/v1/dynamic_resize?quality=75&size=1500x1500&src=http%3A%2F%2Fstorage-cube.quebecormedia.com%2Fv1%2Fcl_prod%2Fcanadian_living%2Febe04d3a-4d55-4aee-b783-774c88e89de7%2F88476
http://crags.ca/wp-content/uploads/2017/05/Campanula-tridentata-300x258.jpg
http://www.hemptrade.ca/source/hemp-leaf.jpg
https://www.aquaticbiologists.com/product_images/uploaded_images/pickerel-plants.jpg
http://cnpsslo.org/wp-content/uploads/2017/04/California-Native-Plants-for-the-Garden_Bornstein-1.jpg
https://static.ffx.io/images/$width_768/t_resize_width/q_86,f_auto/d5c6d593abc6649ddb2af34ee5bb692d2188c9bf
https://gardeners.s3.amazonaws.com/p/FLSISO36193_3.jpg
https://images.immediate.co.uk/production/volatile/sites/10/2018/02/7dce6028-0e39-4c0a-aa06-2a5b26285f9a-45028f8.jpg?quality=45&crop=13px,20px,2022px,860px&resize=960,640
https://www.aonestopgardenshop.com/files/services/thumbs/20180223-110342.jpg
https://i.cbc.ca/1.4847179.1538786199!/fileImage/httpImage/image.jpg_gen/derivatives/16x9_780/marijuana-plant.jpg
https://www.salisburygreenhouse.com/wp-content/uploads/28.-Air-Cleaning-PlantsImage-03.jpg
https://swl-d607.kxcdn.com/wp-content/uploads/Assorted-Tropical-Plants.jpg
https://bloximages.chicago2.vip.townnews.com/tucson.com/content/tncms/assets/v3/editorial/5/f5/5f5e9238-f829-5220-96e5-cc267e81d294/5ced71fd076b5.image.jpg?resize=1200%2C1599
https://s7img.ftdi.com/is/image/ProvideCommerce/FTD_18_MDAY_P1347_PLPBANNER?$ftd-product-banner-lv$
https://ksassets.timeincuk.net/wp/uploads/sites/56/2019/04/bq-plant-sale-petunia.jpg
http://tomatosphere.letstalkscience.ca/Portals/5/Images/Backgrounders/House_plant.jpg?w=850
https://cdn.shopify.com/s/files/1/0205/4654/files/Main_image_2019_july_summer_sale.jpg?v=1563801669
http://www.vandermeernursery.com/wp-content/uploads/2018/06/water-plants.jpg
https://www.marchespublics-mtl.com/wp-content/uploads/MPM_Fleurs_PlantFinesHerbes.jpg
https://ls.imgix.net/plants/collections/PlantUses_AerialPlants.jpg?w=616&h=306&auto=compress,format&fit=crop
https://hicksnurseries.com/wp-content/uploads/2019/05/Tropical-Plants-header.jpg
https://media.mnn.com/assets/images/2016/09/Air-Quality-Plants-Collage.jpg.1000x0_q80_crop-smart.jpg
http://paulkirtley.co.uk/wp-content/uploads/2019/05/easy-to-forage-plants-for-spring-summer-1038x576.jpg
https://aquaplant.tamu.edu/files/2017/08/American-featherfoil-555-370x222.jpg
https://i.ytimg.com/vi/C_FQJVrlWas/maxresdefault.jpg
https://img.crocdn.co.uk/images/affiliates/crocus/responsive/landing/plants/herbs2706.jpg
http://www.cedarrim.com/wp-content/uploads/2016/06/IMG_2221-1.jpg
https://www.shack.com.au/wp-content/uploads/indoor-plants-feature-new.jpg
https://canadablooms.com/wp-content/uploads/2017/07/JillJensenFicus-750x800.gif
https://cdn.gardenista.com/wp-content/uploads/2018/07/zamioculcas-zamiifolia-zz-plant-instagram-foliage-fixation.jpg
https://pnwhandbooks.org/sites/pnwhandbooks/files/plant/images/algae-lichens-and-mosses-plants/parmeliasulcataonapplebark.jpg
https://s3.amazonaws.com/finegardening.s3.tauntoncloud.com/app/uploads/2014/04/11151610/fg108EVIMG_2699SA_web.jpg
https://bcinvasives.ca/images/photos/_full/Jap_knotweed026_UofAlaska.jpg
https://hips.hearstapps.com/hmg-prod.s3.amazonaws.com/images/gettyimages-492766553-1534787974.jpg?crop=0.695xw:1.00xh;0.134xw,0&resize=480:*
https://www.naturalheritage.com/Image_Galleries/Native%20Plants/American-beautyberry.jpg
https://d3atagt0rnqk7k.cloudfront.net/wp-content/uploads/2018/08/06164303/how-to-top-cannabis-plants%402x-1.png
https://hips.hearstapps.com/hmg-prod.s3.amazonaws.com/images/indoor-plants-1553278205.png?crop=0.495xw:0.984xh;0,0.0160xh&resize=640:*
https://images-i.jpimedia.uk/imagefetch/c_fill,f_auto,h_800,q_auto:eco,w_1200/https://inews.co.uk/wp-content/uploads/2019/05/G7.jpg
http://ibis.geog.ubc.ca/biodiversity/eflora/images/hackeliamicranthagatten.jpg
https://flowercompany.ca/wp-content/uploads/2016/12/In-Living-Color-Bromeliad-Garden-497x656.jpg
https://www.sciencenewsforstudents.org/sites/default/files/scald-image/860_speedy_plants.png
http://www.theweathernetwork.com/images/en_ca/12/garden%20-%20GETTY%20IMAGES%20-%2005.28.18-102454.png
https://cdn2.1800flowers.com/wcsstore/Flowers/images/catalog/101827lpqx.jpg?height=378&width=345
https://www.wikihow.com/images/thumb/4/40/Grow-Healthy-Plants-Step-2-Version-6.jpg/550px-nowatermark-Grow-Healthy-Plants-Step-2-Version-6.jpg
https://images.livemint.com/rf/Image-621x414/LiveMint/Period1/2015/10/31/Photos/Plant-kJ5E--621x414@LiveMint.jpg
https://www.bcliving.ca/media/image/106900_max.jpg
http://learnz.org.nz/sites/learnz.org.nz/files/b-bb191-01-plants.jpg
https://bathgardencenter.com/wp-content/uploads/2018/03/Group.jpg
https://scontent.cdninstagram.com/vp/547604876410da316a1b8d92440d9599/5DB24C7D/t51.2885-15/sh0.08/e35/p640x640/66794917_2786369708049591_7055252650344693080_n.jpg?_nc_ht=scontent.cdninstagram.com
https://www.passionjardins.com/wp-content/uploads/2017/12/shutterstock_127613009-1024x732.jpg
https://s3.amazonaws.com/cdn0.michiganbulb.com/images/250/89476.jpg
https://www.mtholyoke.edu/sites/default/files/media/images/Firstie-Plants%20%282%29.jpg
https://www.rhs.org.uk/getmedia/991b03cc-919d-4476-aa1d-fb8a6b34a4ca/sedum-takesimense-ATLANTIS-Nonsitnal.jpg
https://www.mydomaine.com/thmb/pRRiwhKCrbRazlcsCy6Tusg7e-M=/875x700/filters:no_upscale():max_bytes(150000):strip_icc()/cdn.cliqueinc.com__cache__posts__265597__undefined-265597-1534524178772-image.700x0c-0c2a8acb47cb4d16ac6a3f8f7c44de7e.jpg
http://destinationnunavut.ca/sites/default/files/featured-image/cotton-grass-arctic-plants.jpg
https://www.evergreen.ca/images/badges/Mint-MarkoBlazevic-7745x500.jpg
https://www.terragreenhouses.com/wp-content/uploads/2017/07/Snap-Dragon-Antirrhinum-majus-247x318.jpg
http://www.plantlife.org.uk/application/files/1415/4229/2146/Hard-Fern-980x452.jpg
https://www.ciphr.com/wp-content/uploads/cache/2013/08/iStock-839958870-resized/3897106260.jpg
https://a6adc47bb216dfe8a383-49bf67815854ec9e2c04a8f4abb9cbf5.ssl.cf3.rackcdn.com/images/affiliates/rhs/responsive/category/home/plants-flower-july-110719.jpg
https://cdn.technologynetworks.com/tn/images/thumbs/jpeg/640_360/tobacco-plants-transformed-into-green-bioreactors-to-produce-human-proteins-316085.jpg
https://cdn.shopify.com/s/files/1/1091/4908/products/Sweetpeas_Toronto_Florist_Dracena_JanetCraig-6-RD.png?v=1498767136
http://anpc.ab.ca/wp-content/uploads/2015/01/Antedim_2_Jla_shrunk-640x427.jpg
http://news.mit.edu/sites/mit.edu.newsoffice/files/styles/news_article_image_top_slideshow/public/images/2016/MIT-Plant-Communication_0.jpg?itok=oz8Q6puE
https://pcacdn.azureedge.net/-/media/pn-np/ab/banff/WET4/decouvrir-discover/plantes-plants/Paintbrush-ADahonick.jpg?modified=20170307212528
https://cdn.the-scientist.com/assets/articleNo/33570/iImg/8306/560dd385-4203-4e53-a93c-ef93ba4bb81c-plant-full.jpg
https://assets.eflorist.com/site/EF-22461/assets/products/PHR_/sku6500135.jpg
https://static.pexels.com/photos/631909/pexels-photo-631909.jpeg
https://www.kew.org/sites/default/files/styles/multiple_info_item/public/2019-02/Leaf_1.jpg?itok=ZxV4IgNU
https://www.fieldmuseum.org/sites/default/files/styles/2x1_2400w/public/Botany_header_3_700p.jpg?itok=y5m8tYfc
https://images.bunches.co.uk/product_images/320x320/PRODUCT_PLANTS_Fern_Plant_image1_320x320.jpg
https://www.mcgill.ca/oss/files/oss/styles/hd/public/flowers.jpg?itok=HXTuJhq2&timestamp=1490321345
https://d2r55xnwy6nx47.cloudfront.net/uploads/2018/08/Tbipinnatifidum_2880x1220_leaf1-2880x1220.jpg
https://upload.wikimedia.org/wikipedia/commons/thumb/8/82/Schefflera_arboricola%2C_vrugte%2C_a%2C_Pretoria.jpg/1200px-Schefflera_arboricola%2C_vrugte%2C_a%2C_Pretoria.jpg
https://www.missouribotanicalgarden.org/portals/0/Kemper%20Gardens/Plants%20of%20Merit/Plants%20of%20Merit_Elephant%27s%20ear_Alocasia%27Sarian%27_Araceae_02_Claire%20Cohen.jpg
https://www.joyusgarden.com/wp-content/uploads/2018/08/Snake-Plant-Leaves-Fall-Over.png
https://www.homedepot.ca/content/dam/homedepot/images/categories/outdoors/lawn-&-garden-centre/plants,-trees-&-flowers/herb-plants/nov-2018-clp-herbs-basil-325x240.jpg
https://www.theenglishgarden.co.uk/wp-content/uploads/2017/12/Crown-imperial.jpg
https://www.gardens4you.co.uk/media/catalog/product/cache/1/thumbnail/270x/9df78eab33525d08d6e5fb8d27136e95/F/D/FD13309WH_5.jpg
https://www.pillowtalk.com.au/medias/artificial-plants.jpg?context=bWFzdGVyfHJvb3R8MTA0OTM0NHxpbWFnZS9qcGVnfGg0Yy9oMTkvODg4ODI5NTE2MTg4Ni5qcGd8MzQ4NzMxODY5ZWUxNmQ3OWUwY2I1M2ZiOGI5ZjM1NzVhNDZjNTUzZjM0ZjA0OTc2ZDI4Yjc4OTk4OGRlNDBmZg
https://files.greenhousegrower.com/greenhousegrow/wp-content/uploads/2019/07/BloomablesPots_featured-501x282.jpg
https://assets.blog.hgtv.ca/wp-content/uploads/2018/02/05133210/Philodendron-Indoor-Plants-That-Thrive-on-Low-Light.jpg
http://storage-cube.quebecormedia.com/v1/cl_prod/canadian_living/3c73e93e64d100a85717f304c9ea44d13a75d4c1/houseplants-for-your-home.jpg
https://hips.hearstapps.com/hmg-prod.s3.amazonaws.com/images/purple-lavender-flower-herb-and-spice-background-royalty-free-image-157339412-1563463858.jpg?crop=0.670xw:1.00xh;0.136xw,0&resize=480:*
https://hips.hearstapps.com/ghk.h-cdn.co/assets/18/10/philodendron-plant.jpg
https://extension.unh.edu/sites/default/files/styles/2x_blog_main/public/garlic-mustard-116292_1280.jpg?itok=-_kuqtmu&timestamp=1502679680
https://cdn4.1800flowers.com/wcsstore/Flowers/images/2018/plants/giftguide/house-plants.jpg?height=430&quality=80
https://www.cp24.com/polopoly_fs/1.4138036.1539794990!/httpImage/image.jpg_gen/derivatives/landscape_620/image.jpg
https://www.freespiritnursery.ca/wp-content/uploads/2017/03/Free-Spirit-Nursery-Langley-South-Surrey-Vanouver-Burnaby-New-Westminster-Coquitlam-Maple-Ridge-Abbotsford-Delta-perennial-plants-rare-unusual-specialty-garden-center-collector-e1490831220976.jpg
https://s7img.ftdi.com/is/image/ProvideCommerce/PP_19_GAR520_PC0217_SHP_V1?$proflowers-tile-wide-mv-new$
https://bcinvasives.ca/images/photos/_full/Eng_holly002_DPolster.jpg
https://d3atagt0rnqk7k.cloudfront.net/wp-content/uploads/2017/08/11114819/flushing-cannabis-1024x640.jpg
https://www.oipc.info/uploads/5/8/6/5/58652481/3195750_orig.jpg
https://amp.businessinsider.com/images/5b845f5bb354cdbe318b56d4-750-563.jpg
https://www.gardendesign.com/pictures/images/311x190Exact_0x45/site_3/garden-design_8129.png
https://lifestyle.co.za/wp-content/uploads/2017/09/14932-Vygie-Purple-Parade-1-web.jpg
https://www2.gov.bc.ca/assets/gov/farming-natural-resources-and-industry/agriculture-and-seafood/animal-and-crops/animal-production/bee-assets/food-for-bees-images/lupine.jpg
http://m.espacepourlavie.ca/sites/espacepourlavie.ca/files/styles/gal-photo-large/public/Jardin-crevasses-mt0033842_0.jpg?itok=BrFfelb5
https://blog.idealflatmate.co.uk/flatmate-HQ/wp-content/uploads/sites/2/2018/09/boma.jpg
https://img.crocdn.co.uk/images/affiliates/waitrose/responsive/landing/plants/perennials-260419.jpg
https://images.immediate.co.uk/production/volatile/sites/4/2018/08/iStock_000073298977_Large-ef47d9f.jpg?quality=45&resize=960,413
https://s7img.ftdi.com/is/image/ProvideCommerce/CP2_LOL?$ftd-tile-wide-mv-new$
http://seawayfarms.ca/wp-content/uploads//Seaway-Native-Niagara-Plants-Banner-37142ed788cb920bdbc4cf86823d86cf.png
https://images.thestar.com/KMfONd8eLrAGlJWI7IkOYzIhIdw=/1199x797/smart/filters:cb(2700061000)/https://www.thestar.com/content/dam/thestar/life/homes/2017/03/25/top-8-best-flowering-plants-for-your-garden/4-hosta.jpg
https://img.purch.com/w/660/aHR0cDovL3d3dy5saXZlc2NpZW5jZS5jb20vaW1hZ2VzL2kvMDAwLzEwNi80MDAvb3JpZ2luYWwvcGxhbnRzLW5vdC1jb25zY2lvdXMuanBn
https://www.shelmerdine.com/wp-content/uploads/2018/08/Plant1-300x300.jpg
https://images.glaciermedia.ca/polopoly_fs/1.23813321.1557176078!/fileImage/httpImage/image.jpg_gen/derivatives/landscape_804/dalmatian-toaflax.jpg
https://salk.shorthandstories.com/harnessing-plants-initiative/assets/wGuiF8JD0C/2019-03-29_10-40-22-1280x720.jpeg
https://www.kings.co.nz/media/wysiwyg/Category/Plants/pond-plants.jpg
https://gypsytan.com/wp-content/uploads/2019/01/indoor-plants-that-clean-the-air-and-remove-toxins-Gypsy-Tan-00004-1600x2133.jpg
https://www.daviddomoney.com/wp-content/uploads/2014/08/borage-top-10-plants-for-pollinators.jpg
https://hgtvhome.sndimg.com/content/dam/images/hgtv/fullset/2018/4/5/2/CI_Ball-Horticultural-Co_Begonia-Mistral-Yellow-Container.jpg.rend.hgtvcom.966.966.suffix/1522958046068.jpeg
https://www.charliecarp.com.au/wp-content/uploads/2018/08/Australian-Native-Plant-red-bottlebrush-850x450.jpg
https://www.almanac.com/sites/default/files/delphinium_bluedonnalandscape-ballhort.jpg
https://www.walkersnurseries.tv/assets/images/pages/plantsandnursery/Fresh-ideas.jpg
https://21vk87r2mob30nkmwrtfd167-wpengine.netdna-ssl.com/wp-content/uploads/2013/09/DSC02242.jpg
http://ibis.geog.ubc.ca/biodiversity/eflora/images/sidalceahendersoniilomer.jpg
https://images.homedepot-static.com/productImages/cbed8cbe-473d-46ca-bdfd-a93fa9a80d80/svn/costa-farms-house-plants-10spathsweet-64_400_compressed.jpg
https://q7i2y6d5.stackpathcdn.com/wp-content/uploads/2010/01/jade-plants1-400x533.jpg
https://www.bayswater.wa.gov.au/CityOfBayswater/media/Images/Home%20and%20Property/Plants-and-Gardens-Hero-banner.jpg
https://www.naturallivingideas.com/wp-content/uploads/2019/05/mosquito-plants-collage-3.jpg
https://www.salisburygreenhouse.com/wp-content/uploads/27.-Ground-Cover-Plantsfeature.jpg
https://www.ambius.com/blog/wp-content/uploads/2019/03/GettyImages-484148116-770x360.jpg
https://nsiplants.com/sites/default/files/styles/hero_custom_user_wide_1x/public/images/nsip-home-hero_0.jpg?itok=XhEVs80G&timestamp=1499271961
https://www.summerlodgehotel.co.uk/blog/-/media/b660dc241d0248538fe4556773f87628.jpg
https://resources.stuff.co.nz/content/dam/images/1/t/t/4/6/a/image.gallery.galleryFree.1024x0.1tt7j7.png/1549935142769.jpg
https://www.telegraph.co.uk/content/dam/gardening/2019/04/16/TELEMMGLPICT000167534900_trans_NvBQzQNjv4BqpVlberWd9EgFPZtcLiMQfyf2A9a6I9YchsjMeADBa08.jpeg?imwidth=450
https://www.journalpioneer.com/media/photologue/photos/cache/tropical-plants-3034612_medium.jpg
https://www.thechronicleherald.ca/media/photologue/photos/cache/B97877446Z.1_20190125144459_000GDNN5VL8.1-1_large.jpg
https://static1.squarespace.com/static/53e419f6e4b0be2999bdab65/t/5c4f5cfb7ba7fc1bbd66db70/1548705087439/airpurifier2.jpg
https://pcacdn.azureedge.net/-/media/pn-np/sk/grasslands/WET4/nature/fl1_870_17.jpg?modified=20180412162357
https://www.mydomaine.com/thmb/8aKPa5_WdGjt7O8dndT6Q3gLL5w=/700x796/filters:no_upscale():max_bytes(150000):strip_icc()/cdn.cliqueinc.com__cache__posts__264557__indoor-hanging-plants-264557-1533232475771-product.700x0c-94e8cb3c44374d3aaa0a3510c1fd9b3d.jpg
https://i.guim.co.uk/img/static/sys-images/Guardian/Pix/pictures/2015/8/20/1440035684118/200b1afe-d53a-4117-97ac-99b64455d13e-2060x1236.jpeg?width=1200&height=630&quality=85&auto=format&fit=crop&overlay-align=bottom%2Cleft&overlay-width=100p&overlay-base64=L2ltZy9zdGF0aWMvb3ZlcmxheXMvdGctYWdlLTIwMTUucG5n&s=5cab7f700736c1d709f11a405e639bf4
https://s3-production.bobvila.com/slides/33071/original/kudzu_invasive_species.jpeg?1563824824
http://www.ontarioparks.com/parksblog/wp-content/uploads/2017/04/Butterwort_leaves_1-225x400.jpg
https://www.seasol.com.au/wp-content/uploads/2017/09/8666786_L-600x555@2x.jpg
https://f1.media.brightcove.com/8/3806881048001/3806881048001_6017821568001_6017817418001-vs.jpg?pubId=3806881048001&videoId=6017817418001
https://i1.fnp.com/assets/images/custom/new-plants/plant-by-type/1-Indoor-plants.jpg
https://bcinvasives.ca/images/photos/_full/Yellow_FlagIris001_LScott.jpg
https://img.teleflora.com/images/o_0/l_flowers:T105-2A,pg_6/w_272,h_340,cs_no_cmyk,c_pad,g_south/f_auto,q_auto:eco,e_sharpen:200/flowers/T105-2A/SimplyElegantSpathiphyllum-Medium
https://www.thompson-morgan.com/images/landing/plants-and-shrubs-bulbs-and-tubers.jpg
https://lajollamom.com/wp-content/uploads/2019/03/Caladium-bicolor-shade-house-plant.jpg
https://www.thespruce.com/thmb/VaSf1_VmzcdAzHNua6LvnizCd4M=/450x0/filters:no_upscale():max_bytes(150000):strip_icc()/Agave1-GettyImages-128087381-58ed06953df78cadabefd54c.jpg
https://i.ytimg.com/vi/dUBIQ1fTRzI/maxresdefault.jpg
https://d3atagt0rnqk7k.cloudfront.net/wp-content/uploads/2018/08/06164250/how-to-top-cannabis-plants_header-copy@2x-1-1024x640.png
https://www.gardens4you.co.uk/media/catalog/category/EN-SALE-MN15692DH_2.jpg
https://cdn.britannica.com/s:300x500/33/137533-050-218ACFF8.jpg
https://cdn.gardenista.com/wp-content/uploads/2018/07/zz-plant-maui-forest-kim-starr-flickr-1466x1955.jpg
https://ewscripps.brightspotcdn.com/dims4/default/a42c857/2147483647/strip/true/crop/640x360+0+33/resize/1280x720!/quality/90/?url=https%3A%2F%2Fewscripps.brightspotcdn.com%2Fa9%2F58%2Fc14c57494974a26b2c2ca2d55540%2Fpoison-hemlock-7-jb.jpg
https://cdn.theatlantic.com/assets/media/img/mt/2019/04/RTS192JY-1/lead_720_405.jpg?mod=1556383913
https://static.onecms.io/wp-content/uploads/sites/37/2019/04/09190928/heart-of-jesus-plant-3280f574.jpg
http://anpc.ab.ca/wp-content/uploads/2015/05/IMG_0393.gif
https://www.lovethegarden.com/sites/default/files/styles/og_image/public/content/articles/UK_advice-gardening-flowers-shrubs-ericaceous-lime-hating-plants_main.jpg?itok=VDk7XOOf
https://ocean.si.edu/sites/default/files/styles/topic_main_image/public/ChristofferBostrom_Zosteramarina_Finland.jpg?itok=Sr2tNXP-
https://i.etsystatic.com/15323502/c/646/513/171/108/il/13a346/1217181208/il_340x270.1217181208_bagi.jpg
https://gainans.imgix.net/images/itemVariation/GG16169-19020465247.jpg?auto=format&w=325&h=390&fit=crop
https://timedotcom.files.wordpress.com/2017/07/green-spaces.jpg?quality=85&w=1012&h=569&crop=1
https://31.media.tumblr.com/97273645d20b7078ba005f337350c4b3/tumblr_n2v25dTzsr1s5xlpjo1_500.gif
https://i.cbc.ca/1.3680571.1468591735!/fileImage/httpImage/image.jpg_gen/derivatives/original_780/bleeding-heart-flower.jpg
https://gypsytan.com/wp-content/uploads/2018/01/IMG_1739.jpg
https://news.uoguelph.ca/wp-content/uploads/2019/06/pitcher_plant.jpg
https://upload.wikimedia.org/wikipedia/commons/thumb/d/d3/Benjamin_Rush_Medicinal_Plant_Garden_-_IMG_7245.JPG/290px-Benjamin_Rush_Medicinal_Plant_Garden_-_IMG_7245.JPG
https://www.rhs.org.uk/getmedia/4df098d0-5620-4ba7-9369-33d43af93793/Amaranthus-Foxtail.jpg?width=520&height=346
https://images.theconversation.com/files/148784/original/image-20161206-25746-supnzw.jpg?ixlib=rb-1.1.0&q=45&auto=format&w=496&fit=clip
http://wildadirondacks.org/images/Adirondack-Wildflowers-Pink-Ladys-Slipper-Cypripedium-acaule-Heaven-Hill-15-June-2018-61.jpg
https://www.snopes.com/tachyon/2017/04/cress_plant_fb.jpg?resize=865,452
https://njaes.rutgers.edu/deer-resistant-plants/images/homepage/ageratum-houstonianum.jpg
https://static1.squarespace.com/static/5390e38de4b040333af1eb61/t/58727857b8a79b5c39e69f12/1483897106731/Plectranthus-tomentosa-Vicks-Plant.jpg
https://hips.hearstapps.com/housebeautiful.cdnds.net/16/15/1024x680/gallery-1460554975-black-bamboo-1024x680.jpg?resize=480:*
https://www.bunnings.com.au/-/media/au/diy-advice-house/articles/garden/planting%20and%20growing/10%20fast%20growing%20plants%20for%20privacy/14270535pa-clumping-bamboo-fargesia-fortune.png?h=370&w=786&la=en&hash=D3448C1640DF23CA89E86A5FB14526B54C4E89CA
https://images.immediate.co.uk/production/volatile/sites/4/2018/07/GettyImages-512509027-db62205.jpg?quality=45&resize=960,413
https://s3.amazonaws.com/finegardening.s3.tauntoncloud.com/app/uploads/2019/04/04175458/Euphorbia-myrsinites_01_MoBot_AS-thumb-1x1.jpg
https://nurserylive.com/images/stories/virtuemart/product/resized/nurserylive-Schefflera-green_280x280.jpg
https://www.ikea.com/PIAimages/0121095_PE277874_S5.JPG?f=xs
http://www.cats.org.uk/uploads/documents/COM_3113_Floral_Outdoor_Infographic_FINAL2.png
http://canadainvasives.ca/images/content/Top10plants_9.jpg
https://timeincsecure-a.akamaihd.net/rtmp_uds/507936866/201709/724/507936866_5589623626001_5589600452001-vs.jpg?pubId=507936866&videoId=5589600452001
https://i1.wp.com/bhwp.org/wp-content/uploads/grow-why-are-invasive-species-found-bhwp.jpg?ssl=1
https://media.mnn.com/assets/images/2014/09/bee-flying-over-lavender.jpg.653x0_q80_crop-smart.jpg
https://smedia2.intoday.in/indiatoday/images/stories/2017August/cyc1_650x350_080817124232.jpg
https://www.shack.com.au/wp-content/uploads/SHACK-indoor-plants-style-decorate-LR.jpg
https://media3.s-nbcnews.com/j/newscms/2018_20/1340238/fiddle_-today_-_180518_4795d6d05d4f58f8176ec4a41fe66f38.fit-720w.jpg
https://cdn.hswstatic.com/gif/watering-plants-3.jpg
https://ticotimes.net/wp-content/uploads/2016/10/161001Insulina.jpg
https://www.thetelegram.com/media/photologue/photos/cache/tel-a02-05082017-pitcher-plants1_large.jpg
https://www.primrose.co.uk/images/14295403PL.jpg
http://melbflowershow.com.au/wp-content/uploads/2017/12/GettyImages-871441866-1.jpg
https://www.thompson-morgan.com/images/landing/perennial-and-biennial-plants.jpg
https://www.realestate.com.au/blog/images/2000x1500-fit,progressive/2018/02/23130227/Peace-Lilly1.jpg
https://images.squarespace-cdn.com/content/v1/544591e6e4b0135285aeb5b6/1557943823786-987ZWQSYNZI4E40OJA04/ke17ZwdGBToddI8pDm48kBZw6jF4_OvU-ddo_vwqGhp7gQa3H78H3Y0txjaiv_0fDoOvxcdMmMKkDsyUqMSsMWxHk725yiiHCCLfrh8O1z5QPOohDIaIeljMHgDF5CVlOqpeNLcJ80NK65_fV7S1Ub61YCrK70I7JIpWiI8ho4Yi1WvVNQtDE81xuRbL1MFKm0sD-Bab7E9MY8W31A7zMQ/18156089_1751541684872689_3055288262507833768_o.jpg?format=750w
https://www.wglt.org/sites/wglt/files/styles/medium/public/201808/Dogwood.jpg
https://s7img.ftdi.com/is/image/ProvideCommerce/PP_19_GAR510_PC0217_SHP_V1?$proflowers-tile-wide-mv-new$
https://www.notcutts.co.uk/wordpress/wp-content/uploads/2018/09/how-plant-bedding-plants.jpg
https://images.britcdn.com/wp-content/uploads/2017/04/faux-plant-guide-full-bleed.jpg?w=1000&auto=format&q=50
https://ichef.bbci.co.uk/news/660/cpsprodpb/DCFD/production/_97337565_leaf-systems-9-3-17_152.jpg
https://res.cloudinary.com/patch-gardens/image/upload/c_fill,f_auto,h_400,q_auto:good,w_400/v1515578109/products/howea-forsteriana-e3fa65.jpg
https://image.shutterstock.com/image-vector/potted-plants-collection-succulents-house-260nw-1119054746.jpg
https://mrpg.scene7.com/is/image/MRP/02_7107014583_SI_00?wid=360&hei=540&qlt=80
https://bcinvasives.ca/images/photos/_full/Periwinkle005_JLeekie.JPG
https://image.floranext.com/instances/ecostems_ca/wysiwyg/t/r/tropical_plants_banner_2016.jpg?gen=1
https://sarahraven.images.blucommerce.com/sarahraven/Category+Images/Listing+Headers/AT16-FLOWERS-Plants-Perennials+Spr.jpg?auto=format%2Ccompress&bluhash=49dec2851b843cecdd8bd1b3eecee7bd&s=f1816419756a094c818691dbe1275b8f
http://ideapark.letstalkscience.ca/Portals/10/Images/Living%20Things%20Tomatosphere/Plant%20Growth/Plant-Growth.jpg?w=400&h=300&mode=crop
https://mountauburn.org/wp-content/uploads/Ligustrum-vulgare-flw-lvs-1.jpg
http://www.ontarioparks.com/parksblog/wp-content/uploads/2017/04/Saxifrage_close_up-900x596.jpg
https://img.webmd.com/dtmcms/live/webmd/consumer_assets/site_images/articles/health_tools/poison_plants_guide_slideshow/1800ss_wikimedia_rf_poison_ivy.jpg?resize=650px:*
https://www.familyhandyman.com/wp-content/uploads/2018/08/shutterstock_1109488274.jpg
https://cdn1.harryanddavid.com/wcsstore/HarryAndDavid/images/catalog/19_31271_30JA_01ex.jpg?height=378&width=345
https://mobileimages.lowes.com/product/converted/768968/768968523664lg.jpg
https://www.stylist.co.uk/images/app/uploads/2019/03/22172018/retro-houseplant-trends-plants-interiors-2019-crop-1553275284-1600x1067.jpg?w=1200&h=1&fit=max&auto=format%2Ccompress
https://s3-us-west-2.amazonaws.com/uw-s3-cdn/wp-content/uploads/sites/6/2018/12/05085330/pothos_web004.jpg
https://books-teneues.com/wp-content/uploads/2018/01/1908-x-798-Flowers.jpg
http://woodsidegarden.co.uk/wp-content/uploads/2019/04/grant-durr-1158863-unsplash.jpg
https://www.ontarioinvasiveplants.ca/wp-content/uploads/2016/07/IMG_2026-300x225.jpg
http://ibis.geog.ubc.ca/biodiversity/eflora/images/DeltoidBalsamroot_001.jpg
https://westcoastgardens.ca/wp-content/uploads/2018/01/11-1024x497.jpg
https://pughs.imgix.net/images/item/brominmetalcontainer-170208104245-19010941216.jpg?auto=format&w=325&h=390&fit=crop
https://yatesau-production.s3.amazonaws.com/assets/11151/Indoor___Potted_Plants.jpg
https://www.harrodhorticultural.com/cache/category/480/350/garden-plants-flowers-664-2019214122.jpg
http://ugc-01.cafemomstatic.com/gen/constrain/750/2000/70/2017/08/25/17/b6/0z/pobsd9rk84.jpg
https://upload.wikimedia.org/wikipedia/commons/3/36/Lucky_Bean_Creeper_%28Abrus_precatorius%29_pods_of_seeds_%2811587246435%29.jpg
https://nurserylive.com/images/stories/virtuemart/product/resized/nurserylive-nephrolepis-exaltata-green-fern-plant_280x280.jpg
https://news.uoguelph.ca/wp-content/uploads/2019/06/plant-375x500.jpg
https://www.backyardbuddies.org.au/_assets/images/buddy-thumbnail-images/acacia-tn.jpg
https://d3atagt0rnqk7k.cloudfront.net/wp-content/uploads/2017/09/18104202/Male-female-1.png
https://www.makewaterwork.ca/wp-content/uploads/2018/05/plants-1.jpg
https://static1.squarespace.com/static/562ff237e4b04b3332faed98/t/5a81b26f71c10b8dcca3cae6/1518453088166/annuals.jpg
https://www.wnps.org/content/images/plant-directory/native_garden_magnussen_by_d_mahnke.jpg
https://www.thompson-morgan.com/images/landing/annual-plants1.jpg
https://www.floridamuseum.ufl.edu/wp-content/uploads/2017/07/BR-Feat-plants-of-air-170518-0038.jpg
https://www.10tv.com/sites/default/files/styles/article_image/public/2019/06/25/poisonhemlockwildparsnip.jpg?itok=HO534m-9
http://m.espacepourlavie.ca/sites/espacepourlavie.ca/files/styles/gal-photo-large/public/symphyotrichum-novae-angliae-jacques-ranger-39_0.jpg?itok=oceaC1il
https://s7img.ftdi.com/is/image/ProvideCommerce/FTD_18_SAMEDAYDELIVERYPLANTS_PLP_HEROBANNER?$ftd-product-banner-lv$
https://assets.goodstatic.com/s3/magazine/assets/562641/original/NASA_Plants_1200.jpg=s1200x1200
https://img.purch.com/w/660/aHR0cDovL3d3dy5saXZlc2NpZW5jZS5jb20vaW1hZ2VzL2kvMDAwLzAxNC84NDEvb3JpZ2luYWwvdmVudXMtZmx5dHJhcC1mcm9nLTExMDEyNS0wMi5qcGc=
https://bcc53877d7aa0a135b9a-1452ca75bf8985207bb5b0c44a65ef28.ssl.cf4.rackcdn.com/Product-800x800/410f7d2e-41d1-4043-9365-f2a1dac55c8a.jpg
https://www.thekennelclub.org.uk/media/220444/house_and_garden_plants_poisonous_to_dogs-liz_reading.jpg
https://res.akamaized.net/domain/image/upload/c_crop,h_627,w_1254,x_0,y_105/c_fill,w_600/v1544659757/iStock-943342364_cderrf.jpg
https://media1.fdncms.com/thecoast/imager/u/original/13906695/5.jpg
https://www.espoma.com/wp-content/uploads/2019/01/Philodendron-Brazil-Exotic-Angel-Plants-by-Costa-Farms.jpg
https://secure.img2-fg.wfcdn.com/im/75389293/resize-h600-w600%5Ecompr-r85/4626/46264660/Faux+Plants.jpg
https://www.futurity.org/wp/wp-content/uploads/2018/01/Espeletia-pycnophylla-flowers_740.jpg
https://media1.s-nbcnews.com/j/newscms/2018_43/1379851/5db60447-1b0c-43bf-b1a8-d681cf2a525c-1-2de5c2f5765cf2c6be9bfd39386c0a38_d721cff83ab45744bf03c32567243536.fit-720w.jpeg
https://img.teleflora.com/images/o_0/l_flowers:TPL03-1A,pg_6/w_272,h_340,cs_no_cmyk,c_pad,g_south/f_auto,q_auto:eco,e_sharpen:200/flowers/TPL03-1A/ForeverGreenPlantGarden
https://static.onecms.io/wp-content/uploads/sites/37/2019/03/25141724/red-chinese-evergreen-b575f36b.jpg
http://static1.squarespace.com/static/57f2ab3d9de4bb92e9856452/57f71d768419c2af7bf72275/5bc6437deef1a1415bd85678/1540360832748/image-20160912-3807-16k79xh.jpg?format=1500w
https://storage.googleapis.com/gen-atmedia/2/2017/04/5e10897d140daa69e35e3d6600699432f0e39ceb.jpeg
https://d6p0gevo8s9lm.cloudfront.net/media/catalog/category/a-perennial.jpg
http://www.smh.com.au/cqstatic/h0wai9/The-stylesmiths-foyer.jpg
https://www.occnps.org/images/Dudleyastolonifera,AlisoCyn.1-28-10(15).jpg?i=141
http://cdn.sci-news.com/images/2019/06/image_7276-Salamander-Eating-Plant.jpg
https://www.amwua.org/plants/img/search/vines.jpg
https://static.independent.co.uk/s3fs-public/thumbnails/image/2019/07/18/23/cigarette-in-clover.jpg?w968h681
http://ichef.bbci.co.uk/wwfeatures/live/624_351/images/live/p0/2b/lx/p02blxt9.jpg
https://manitobamuseum.ca/main/wp-content/uploads/2018/07/Bromus-cilatus-1.jpg
https://images.ctfassets.net/zma7thmmcinb/6BKCTsYzYzvbGPHKRBg00n/84eb31b63352c2e32c5d9b9503d02aa1/best-container-plants-calibrachoa.jpg
https://thumbor.forbes.com/thumbor/960x0/https%3A%2F%2Fblogs-images.forbes.com%2Fdavidbressan%2Ffiles%2F2016%2F10%2FBRESSAN_Cypripedium_calceolus.jpg
https://www.rhs.org.uk/getmedia/e1cf579e-5029-45f8-a766-69f00e6b7276/Euphorbia-Redwing-Charam-RHS_WSYD0000499_940x627.jpg?width=940&height=627&ext=.jpg
https://emswcd.org/wp-content/uploads/2013/07/Native-plants_local-sources.jpg
https://vnps.org/wp-content/uploads/2018/04/Native-Plants-for-Northern-Virginia-1055x816.jpg
https://d3atagt0rnqk7k.cloudfront.net/wp-content/uploads/2016/06/29195711/how-to-clone-cannabis-plants.jpg
https://25wxih3lxatn2okzkn1cr69o-wpengine.netdna-ssl.com/wp-content/uploads/2015/12/09_12247-web-1024x683.jpg
https://anhso.org.uk/wp-content/uploads/2252.jpg
https://westcoastgardens.ca/wp-content/uploads/2018/12/plants-980x636.png
https://bloximages.newyork1.vip.townnews.com/pilotonline.com/content/tncms/assets/v3/editorial/2/1a/21a6ecf8-8ea6-11e9-85c5-132c838a7b3b/5d039dadda5e9.image.jpg
https://www.tropicalpermaculture.com/images/growing-ginger-1.jpg
https://blackstemplants.co.uk/images/fullsizeoutput_1750-1000.jpeg
https://s7img.ftdi.com/is/image/ProvideCommerce/PP_18_PLA01806_SHP_V1?$proflowers-tile-wide-mv-new$
https://www.thompson-morgan.com/images/landing/plants.jpg
https://hips.hearstapps.com/hbu.h-cdn.co/assets/16/17/2048x2048/square-1461864298-deer-resistant-plants-zillias.jpg?resize=480:*
https://exlevel.com/plantslibrary/images/partners/VP_RealShrubs_1.jpg
http://www.pthomeandgarden.com/wp-content/uploads/pthomeandgarden_inside-plants-in-containers-close-to-sunny-window-700x300.jpg
https://upload.wikimedia.org/wikipedia/commons/0/09/Mosscampion.jpg
https://www.surrey.ca/images/photoGallery/sword_fern.jpg
https://hgtvhome.sndimg.com/content/dam/images/grdn/fullset/2015/8/28/0/CI_waltersgardens-hi14626-liriope-muscaribig-blue.jpg.rend.hgtvcom.616.822.suffix/1452976083507.jpeg
https://www.plant-fairs.co.uk/s/cc_images/teaserbox_2479411234.jpg?t=1550092546
https://www.gardenia.net/rendition.slider_category/uploads/category_description/1539463472-509cda09fd190c159/104434994_sOptimized.jpg
https://hside.org/wp-content/uploads/2019/04/01-How-Plants-Improve-Your-Mental-and-Physical-Health-1080x570.jpg
https://images.faena.com/wp-content/uploads/sites/4/2015/09/plantas-medicinales-ii-1259x686.jpg
https://www.daviddomoney.com/wp-content/uploads/2016/04/sedum-causticola-alpine-rock-garden-plants-for-rockery-1.jpg
https://cdn.apartmenttherapy.info/image/fetch/f_auto,q_auto:eco,w_1460/https://storage.googleapis.com/gen-atmedia/2/2016/10/8678d1fb1576fe9331e4462c4b7d58eb588af2a0.jpeg
https://www.telegraph.co.uk/content/dam/gardening/2017/08/23/TELEMMGLPICT000137731761_trans_NvBQzQNjv4BqpVlberWd9EgFPZtcLiMQfyf2A9a6I9YchsjMeADBa08.jpeg?imwidth=450
https://loveandersons.com/wp-content/uploads/2018/10/Andersons-Plants4.jpg
http://cdn2.walkthroughindia.com/wp-content/uploads/2017/12/Marigold-601x400.jpg
http://m.espacepourlavie.ca/sites/espacepourlavie.ca/files/styles/gal-photo-large/public/cc-by-sa-2-0-wikimedia-commons-kenneth-allen-japanese_knotweed_cranny_-_geograph.org_.uk_-_1307302_0.jpg?itok=DiqpPIQN
http://acegardener.com/wp-content/uploads/2017/05/medicinal-plant.jpg
https://www.missouribotanicalgarden.org/portals/0/Kemper%20Gardens/Plants%20of%20Merit/Plants%20of%20Merit_Colocasia%20esculenta%20%27Black%20Coral%27_03_Claire%20Cohen.jpg
https://www.youngisthan.in/wp-content/uploads/2017/06/lucky-plants.jpg
https://img.webmd.com/dtmcms/live/webmd/consumer_assets/site_images/articles/health_tools/poison_plants_guide_slideshow/1800ss_thinkstock_rf_giant_hogweed.jpg?resize=650px:*
https://www.orpheusbrewing.com/wp-content/uploads/2019/01/Beer_17-900x600.jpg
https://www.rhs.org.uk/getmedia/a4df2192-97e4-4f55-bac3-51b2fa10043d/Dahlia-Happy-Single-Flame.jpg?width=520&height=346
https://www.pennlive.com/resizer/DAg6_K3hd3oFBDhD7PIW94hiZEM=/600x0/arc-anglerfish-arc2-prod-advancelocal.s3.amazonaws.com/public/6HPH5J3VGNH25IKZMJVABOGOMY.jpg
https://www.eppo.int/media/uploaded_images/ACTIVITIES/invasive_plants/PIIST2.jpg
https://i.ytimg.com/vi/msTLaQLA6Ak/maxresdefault.jpg
https://colonialgardenskc.com/wp-content/uploads/2017/11/houseplants_1-e1509730869978.jpg
https://ii2.pepperfry.com/media/catalog/product/r/e/236x260/relaxing-buddha---bamboo-plant-combo-by-ferns-n-petals-relaxing-buddha---bamboo-plant-combo-by-ferns-wlayfh.jpg
https://ichef.bbci.co.uk/images/ic/640x360/p01glrr7.jpg
https://jungleinwillunga.com.au/wp-content/uploads/2016/05/birdofparadise.jpg
https://bethchatto.2dimg.com/2/phuopsis-stylosa-purpurea-1_a2072ee7a4.jpg
https://s7img.ftdi.com/is/image/ProvideCommerce/PP_19_GAR500_PC0217_SHP_V1?$proflowers-tile-wide-mv-new$
https://english.cdn.zeenews.com/sites/default/files/styles/zm_700x400/public/2017/02/17/571962-plants.jpg?itok=h8XipqUC
https://cdn.rentokil.com/content/local/us-amb/images/desktop/main_aglaonema-silver-bay.jpg
https://image.shutterstock.com/image-vector/set-macrame-hangers-plants-growing-260nw-1034553574.jpg
https://www.99.co/blog/singapore/wp-content/uploads/2019/07/indoor-plants-care-900x386.jpg
https://static.onecms.io/wp-content/uploads/sites/37/2015/06/16004659/dieffenbachia-a6b63964.jpg
https://bcinvasives.ca/images/photos/_full/Yellow_FlagIris002_LScott.jpg
https://gypsytan.com/wp-content/uploads/2018/01/Best-Realistic-Faux-Plants-for-Your-Home-Tips-on-How-to-Decorate.png
https://images.jdmagicbox.com/comp/delhi/p4/011pxx11.xx11.180731184148.r4p4/catalogue/s-k-butooliya-florist-dwarka-sector-3-delhi-plants-on-hire-0fnwqhiyw8.jpg
https://fitfoodiefinds.com/wp-content/uploads/2018/08/Plant-second-6.jpg
https://www.nhm.ac.uk/content/dam/nhmwww/discover/gardeners-guide-buttreflies/peacock-buddleia-two-collumn.jpg
https://img.crocdn.co.uk/images/affiliates/waitrose/responsive/landing/plants/bedding-plants-110719.jpg
https://www.tropicalpermaculture.com/images/growing-ginger.jpg
https://www.gardendesign.com/pictures/images/311x190Exact_0x20/a-rustic-perennial-paradise_303/garden-design_8153.jpg
https://3c1703fe8d.site.internapcdn.net/newman/csz/news/800/2019/newkeystages.jpg
https://hips.hearstapps.com/hmg-prod.s3.amazonaws.com/images/red-prayer-plant-1560888594.jpg?crop=1xw:1xh;center,top&resize=480:*
https://woolpitnurseries.co.uk/wp-content/gallery/bedding-plants/bedding-plants-geraniums-3-1000x750.jpg
https://jooinn.com/images/plant-87.jpg
https://portlandnursery.com/plants/images/water-plants/fallpond640.jpg
https://cdn4.1800flowers.com/wcsstore/Flowers/images/2018/plants/giftguide/same-day-plants.png?height=430&quality=80
http://m.espacepourlavie.ca/sites/espacepourlavie.ca/files/styles/gal-photo-large/public/phaseolus_vulgaris_0.jpg?itok=BgRBl-YK
https://images.summitmedia-digital.com/realliving/images/2017/07/25/plant-02.jpg
https://www.penguin.com.au/content/articles/Flora_FlowersandPlants_2_1600x800.png
https://www.thejoyofplants.co.uk/sites/default/files/styles/article_portrait/public/field/image/hr23-08_23_2018_022587.jpg?itok=SBIK57m1
https://i.ytimg.com/vi/QqntwlmewZE/maxresdefault.jpg
https://i2.fnp.com//images/pr/l/hue-of-green-syngonium-plant_1.jpg
https://www.carnivorousplants.co.uk/img/pitcher-plants.jpg
https://nurserylive.com/images/stories/virtuemart/product/resized/nurserylive-podocarpus-macrophyllus_280x280.jpg
http://melbflowershow.com.au/wp-content/uploads/2017/12/GettyImages-851988638-1.jpg
https://static.onecms.io/wp-content/uploads/sites/37/2019/03/08151147/four-air-plants-on-black-plate-d9a5a59d.jpg
https://cottagelife.com/wp-content/uploads/2018/09/shutterstock_1122911318-1200x800.jpg
https://cardiff.imgix.net/__data/assets/image/0006/1100220/Liverwort-edited.jpg?w=570&h=321&fit=crop&q=60&auto=format
https://www.primrose.co.uk/images/climbing_plants.jpg
https://www.miraclegro.com/sites/g/files/oydgjc111/files/styles/scotts_asset_image_720_440/public/asset_images/feed_07137_RL_A-1929_718x404.jpg?itok=k50zFEJe
http://mcnativenursery.com.au/wp-content/uploads/2016/07/blossoms.jpg
https://d3atagt0rnqk7k.cloudfront.net/wp-content/uploads/2017/09/18105458/Hermaphrodite-1.png
https://res.cloudinary.com/dk-find-out/image/upload/q_80,w_640,f_auto/DCTM_Penguin_UK_DK_AL720673_rsy56v_ua2eux.png
https://images-na.ssl-images-amazon.com/images/I/71%2Bwvk8Jw%2BL._SX425_.jpg
https://www.thompson-morgan.com/images/landing/climbing-plants1.jpg
https://upload.wikimedia.org/wikipedia/commons/7/79/Cannabis_sativa_Koehler_drawing.jpg
https://www.thespruce.com/thmb/NGDIGr5tuxGyLmHBohqT2kfpoUA=/400x300/filters:no_upscale():max_bytes(150000):strip_icc()/dock_seeds-56a582255f9b58b7d0dd38b3.jpg
https://inlandvalleygardenplanner.org/wp-content/uploads/2017/02/15114817/Lampranthus-aurantiacus-Sunman-4-600x600.jpg
https://suttons.s3.amazonaws.com/h/s/POPULARFLOWERPLANTS.jpg
https://www.platthillnursery.com/wp-content/uploads/2019/02/plants.jpg
https://dzosyj1ckn6vn.cloudfront.net/webgraphics//New%20Website%20Banners%20and%20Blocks/Bedding%20for%20Web/Bedding%20Banner%20Template4.jpg
https://i.ytimg.com/vi/tYqIHp-Xgco/maxresdefault.jpg
https://s3.ap-south-1.amazonaws.com/hansindia-bucket/plant_6676.jpg
https://www.tagawagardens.com/images/annual_calibrachoa_combo.png
https://i1.fnp.com//images/pr/l/good-luck-three-layer-bamboo-plant_1.jpg
https://akm-img-a-in.tosshub.com/indiatoday/images/story/201708/cyc2_647_080817124617.jpg
https://sarahraven.images.blucommerce.com/sarahraven/product/700042_5.jpg?auto=format%2Ccompress&bluhash=245211476a6649c0d59a6f7cedb90450&w=400&h=400&fit=crop&s=eae2a665cee90ac03de2cec148855116
https://meadowsfarms.com/wp-content/uploads/weve-got-8-great-plants-no-button.jpg
https://www.thompson-morgan.com/images/landing/plants-and-shrubs-pond-plants.jpg
https://www.denis-plants.com/wp-content/uploads/2018/06/DSC_7007-1030x686.jpg
https://images.almostedenplants.com/images/Lobelia%20Black%20Truffle%20flower%20closeup%20-%20Plants%20Nouveau.jpg
https://www.rhs.org.uk/getmedia/381f07cf-140b-401c-a658-b25b659d950b/wisley-lettuce-trial-field940x627.jpg?width=940&height=627&ext=.jpg
https://cdn.rentokil.com/content/local/us-amb/images/desktop/main_calathea-leaf.jpg
https://s3-ap-southeast-2.amazonaws.com/oca/media/wysiwyg/plants-add-colour.jpg
http://www.amwua.org/plants/img/search/succulents.jpg
https://www.jagranjosh.com/imported/images/E/Articles/air-purifying-palnts.jpg
https://wateruseitwisely.com/wp-content/uploads/2018/07/pl_aloe_closeup.jpg
https://smallbiztrends.com/wp-content/uploads/2017/05/spider-plant-850x818.jpg
https://www.vtinvasives.org/sites/default/files/styles/gallery_mobile/public/images/invasives/IMG_0028.JPG?h=a5eb5da0&itok=UkMjPE_X
https://www.pranaair.com/wp-content/uploads/2018/09/1047-The_Best_Air-Purifying_Plants_For_Your_Home-1296x728-Spider_Plant-1296x648.jpg
https://nc.audubon.org/sites/default/files/styles/article_teaser_list/public/editorial-card-images/article/swamp_sunflower_will_stuart.jpg?itok=ddBgyhUk
https://hgtvhome.sndimg.com/content/dam/images/grdn/fullset/2014/6/25/0/CI_11-f7ff0e380000.jpg.rend.hgtvcom.966.966.suffix/1452664589098.jpeg
https://i1.fnp.com/assets/images/custom/new-plants/plant-by-type/4-Air-Purifying-Plants.jpg
https://images.squarespace-cdn.com/content/v1/57c10f6d6b8f5bf91e060241/1530043583568-9R8JC76N9WMRQQI3LAGY/ke17ZwdGBToddI8pDm48kKmw982fUOZVIQXHUCR1F55Zw-zPPgdn4jUwVcJE1ZvWQUxwkmyExglNqGp0IvTJZUJFbgE-7XRK3dMEBRBhUpw5XnxLBmEFHJGf_0qFdDpmIncOw4kq9OpCHNTYqzGO-E1YJr-Thht9Tdog4YtCwrE/purple-plants.jpeg?format=2500w
https://q7i2y6d5.stackpathcdn.com/wp-content/uploads/2007/05/prayer-plant1-400x300.jpg
https://upload.wikimedia.org/wikipedia/commons/thumb/c/c1/Lycopodiella_inundata_001.jpg/1200px-Lycopodiella_inundata_001.jpg
https://i.ytimg.com/vi/-iHIKhKCg6E/maxresdefault.jpg
https://hips.hearstapps.com/hmg-prod.s3.amazonaws.com/images/burgundy-ficus-rubber-plant-royalty-free-image-1014327008-1562616273.jpg?crop=1.00xw:0.667xh;0,0.0795xh&resize=480:*
https://www.botany-bay.co.uk/images/home-boxes/plants-shrubs.jpg
https://keyassets.timeincuk.net/inspirewp/live/wp-content/uploads/sites/8/2018/04/GettyImages-858464758-920x610.jpg
https://www.longacres.co.uk/Assets/Images/ProductCategories/houseplantsv2.jpg
https://media.mnn.com/assets/images/2014/09/pitcher-plant-repellent.jpg.838x0_q80.jpg
https://i5.walmartimages.com/asr/7e2b0164-6bd8-4e73-9c7a-cb13ca27d4b2_1.bc73beef4998fc7733474e318aeca009.jpeg
https://nurserylive.com/images/nurserylive-2-dot-0/landing-pages/natural-plants/nurserylive-plants-landing-page-climbers-creepers.jpg
https://www.thompson-morgan.com/product_images/100/counter/c-HOUS-T78783-A_h.jpg
https://i0.wp.com/wordpress.whistlermedicalmarijuana.com/wp-content/uploads/2019/04/MotherPlants_TangerineDream.png?fit=512%2C512&ssl=1
https://s7img.ftdi.com/is/image/ProvideCommerce/PP_19_PLA01816_PC2428_MS2411_SHP_V1?$proflowers-tile-wide-mv-new$
https://upload.wikimedia.org/wikipedia/commons/8/89/Pseudomyrmex_ferruginea_Ryan_Somma.jpg
https://i1.fnp.com/images/cat/l/plants.jpg
https://rukminim1.flixcart.com/image/612/612/jst930w0/artificial-plant/g/4/e/yellow-7-yash-enterprises-original-imafeazmqfgprxhg.jpeg?q=70
https://www.unwins.co.uk/images/products/product_9513_1.jpg
https://www.burpee.com/dw/image/v2/ABAQ_PRD/on/demandware.static/-/Sites-masterCatalog_Burpee/default/dwb1a9b62c/Images/Product%20Images/prod500407/prod500407.jpg?sw=265&sh=312&sm=fit
https://i2.fnp.com/assets/images/custom/new-plants/plants-by-placement/4-Plants-for-Terrace-Balcony.jpg
https://www.rollingstone.com/wp-content/uploads/2019/05/4470b153-711d-4f31-82a5-52b6bdd0f37f.jpg?crop=900:600&width=900
https://i2.fnp.com/assets/images/custom/new-plants/add-more-to-your-plants/4-Plants-with-Buddha.jpg
https://s7img.ftdi.com/is/image/ProvideCommerce/PP_18_PLA01704_PC2423_SHP_V1?$proflowers-tile-wide-mv-new$
https://media.wnyc.org/i/800/0/c/85/1/3_brain-vs-plant.jpg
https://www.rhs.org.uk/getmedia/58cd02d5-0046-415c-acd8-590cf549bea9/Meconopsis-Mrs-Jebb.jpg?width=940&height=627&ext=.jpg
https://s3.amazonaws.com/leafly-s3/content/outdoor-cannabis-grows-101-everything-you-need-to-start-growing-o/PgBgR78RTC6FbMzfboCy_cannabis-plant-in-garden.jpg
https://upload.wikimedia.org/wikipedia/commons/thumb/c/cc/Roselle%2C_Hibiscus_sabdariffa%2C_2014_01.JPG/1200px-Roselle%2C_Hibiscus_sabdariffa%2C_2014_01.JPG
https://upload.wikimedia.org/wikipedia/commons/thumb/c/c2/Split_Aloe.jpg/1200px-Split_Aloe.jpg
https://upload.wikimedia.org/wikipedia/commons/8/82/Salvia_divinorum_-_Herba_de_Maria.jpg
https://d3atagt0rnqk7k.cloudfront.net/wp-content/uploads/2016/06/29195709/outdoor-cannabis-grows-101-everything-you-need-to-start-growing-o.jpg
https://jjflowersonline.com/wp-content/uploads/2019/01/flowers-plants.jpg